index,price,retail_price,currency_code
9.78332E+12,9239.4,9239.4,INR
9.78147E+12,,,
1292017430,,,
9.78112E+12,,,
9.78112E+12,,,
71807594,,,
9.78303E+12,9239.4,9239.4,INR
9.78148E+12,,,
9.78134E+12,,,
1461404053,,,
9.78146E+12,,,
9.78112E+12,,,
9.78135E+12,,,
9.78148E+12,,,
9.78148E+12,,,
1133629601,,,
1484225139,,,
9.78908E+12,,,
9.78146E+12,5888.2,5888.2,INR
9.78112E+12,,,
1305627733,,,
9.78112E+12,,,
9.78007E+12,5544.16,5544.16,INR
9.78112E+12,5828.02,5828.02,INR
9.78144E+12,,,
1337406422,,,
9.78013E+12,,,
9.78047E+12,,,
9.78165E+12,8310.86,8310.86,INR
9.78112E+12,,,
9.78013E+12,,,
9.78132E+12,5491.72,5491.72,INR
9.78148E+12,,,
9.78112E+12,4852.16,4852.16,INR
9.78144E+12,,,
3319358405,,,
9.78134E+12,,,
9.78013E+12,,,
321997824,,,
9.78132E+12,4482.82,4482.82,INR
9353287103,,,
9.78112E+12,,,
9.78036E+12,,,
9.7818E+12,7873.82,7873.82,INR
9.78112E+12,,,
9.78112E+12,,,
9.78032E+12,6039.24,6039.24,INR
9.78332E+12,15222,15222,INR
9.78195E+12,,,
9.78132E+12,,,
9.78147E+12,,,
9.78112E+12,5828.02,5828.02,INR
9.78013E+12,,,
1292009209,,,
148421384X,,,
9.7986E+12,,,
9.78129E+12,,,
9.7815E+12,7268.47,7268.47,INR
9.78112E+12,,,
9.78812E+12,324.5,227.15,INR
9.78013E+12,2873.3,2873.3,INR
9.78152E+12,20931.84,20931.84,INR
9.78981E+12,13452,13452,INR
9.78132E+12,10648.32,10648.32,INR
9.78147E+12,262378.13,262378.13,INR
9811346143,,,
9.78148E+12,,,
9.78112E+12,,,
9811385777,,,
9.78148E+12,,,
1138416517,,,
9.78148E+12,,,
9.78013E+12,,,
9.78144E+12,,,
9.7815E+12,,,
9.7882E+12,0,0,INR
1606491865,,,
1493942395,,,
9.78303E+12,25252,25252,INR
9.78303E+12,9239.4,9239.4,INR
9.78149E+12,,,
9.78012E+12,,,
9.78112E+12,,,
9811385807,,,
128091983,,,
1780174284,,,
9.78145E+12,2065,1170.86,INR
9.78981E+12,9239.4,9239.4,INR
9.7818E+12,31641.15,31641.15,INR
80467768,3807.86,3807.86,INR
9.78112E+12,,,
9.781E+12,,,
9.78303E+12,6726,6726,INR
9.78114E+12,3852,3852,INR
9.78114E+12,,,
9.78364E+12,,,
9.78112E+12,,,
9.78012E+12,3591.92,3591.92,INR
1484213122,,,
9.78112E+12,4852.16,4852.16,INR
9.7818E+12,24339.34,24339.34,INR
1285418689,,,
9.78332E+12,9239.4,9239.4,INR
9.78135E+12,4819.12,4819.12,INR
9.78013E+12,,,
9.78332E+12,6726,6726,INR
9.781E+12,5773.07,5773.07,INR
470768487,,,
9.78152E+12,20931.84,20931.84,INR
130594741X,,,
9.78137E+12,,,
012411461X,,,
9.78081E+12,1023.32,511.66,INR
9.78013E+12,,,
9.78111E+12,,,
9.78007E+12,,,
367426927,,,
9.78075E+12,4123.33,4123.33,INR
9813149299,,,
9.78303E+12,25252,25252,INR
3658375981,,,
9.78013E+12,,,
9.78332E+12,3953,3953,INR
1641720883,,,
146659165X,,,
9.78047E+12,,,
9.78047E+12,,,
9.78152E+12,18984.69,18984.69,INR
9.78112E+12,,,
9.78013E+12,3119.43,3119.43,INR
1484287533,,,
9.78047E+12,,,
9.78184E+12,,,
1974011364,,,
1774634198,,,
9.78074E+12,0,0,INR
9.78163E+12,9677.37,9677.37,INR
9.78939E+12,972.29,486.14,INR
9.78303E+12,7139,7139,INR
134072952,,,
9.78075E+12,,,
9.78142E+12,,,
3030755282,,,
9.78152E+12,228789.83,228789.83,INR
3540228063,,,
9.78047E+12,,,
9.78303E+12,18526,18526,INR
9.781E+12,,,
9.78047E+12,,,
9.78129E+12,,,
9.78332E+12,9239.4,9239.4,INR
1482221764,,,
1800438850,,,
9.78135E+12,,,
1583473432,,,
9.78163E+12,4396.55,4396.55,INR
9.78981E+12,8401.6,8401.6,INR
9813366583,,,
999064908,,,
1118102010,,,
9.78163E+12,,,
1529796113,,,
9.78112E+12,,,
9.78149E+12,2879.2,2879.2,INR
1292039736,,,
9.78129E+12,,,
9.78144E+12,13452,13452,INR
1508607494,,,
9.78112E+12,3885.74,3885.74,INR
1987775260,,,
9.78112E+12,,,
9.78112E+12,,,
9.78162E+12,8310.86,8310.86,INR
1639870881,,,
71596143,,,
9.78112E+12,706.82,413.49,INR
9.78194E+12,,,
9.78007E+12,5279.84,5279.84,INR
9.78112E+12,,,
9.78007E+12,4399.87,4399.87,INR
9.78332E+12,4200.8,4200.8,INR
9.78179E+12,775.25,387.62,INR
9.78114E+12,,,
9.78129E+12,,,
9.78303E+12,11764.6,11764.6,INR
1259641481,,,
9.78161E+12,18984.69,18984.69,INR
9.78112E+12,,,
9.78075E+12,2827.11,2827.11,INR
9.78112E+12,,,
134057600,,,
9.78039E+12,1270.24,635.12,INR
3030437175,,,
938604241X,,,
9.78332E+12,13924,13924,INR
9.78332E+12,6726,6726,INR
1773610279,,,
1543700527,,,
9.78163E+12,3680.41,3680.41,INR
9.78113E+12,,,
9.78147E+12,,,
9.78047E+12,,,
9.78112E+12,470.82,329.57,INR
9.78114E+12,,,
9.78332E+12,4625.6,4625.6,INR
9.78152E+12,20445.05,20445.05,INR
9.78163E+12,4396.55,4396.55,INR
9.78163E+12,3322.71,3322.71,INR
9.78135E+12,4146.52,4146.52,INR
9.78145E+12,,,
9.78179E+12,2940.6,2940.6,INR
9.78153E+12,,,
9.78031E+12,3127.97,3127.97,INR
134633288,,,
9.78981E+12,16874,16874,INR
1516595769,,,
9.78112E+12,6313,6313,INR
9.78112E+12,,,
303121479X,,,
9.78007E+12,,,
9.78981E+12,10089,10089,INR
9.78304E+12,,,
9.78007E+12,7391.94,7391.94,INR
9.78178E+12,6471.12,6471.12,INR
9.78143E+12,,,
9.78152E+12,554450.25,554450.25,INR
1032474289,,,
1628250690,,,
9.7818E+12,5273.41,5273.41,INR
9.78026E+12,,,
359884865,,,
9.78152E+12,21905.41,21905.41,INR
9.78112E+12,,,
9.78007E+12,6159.81,6159.81,INR
9.78112E+12,,,
9.78191E+12,7057.43,7057.43,INR
3031242939,,,
9.78007E+12,6159.81,6159.81,INR
9.78142E+12,,,
9.781E+12,8406.32,8406.32,INR
9.78112E+12,,,
9.78026E+12,7806.05,7806.05,INR
9.78135E+12,4816,4816,INR
1788297237,,,
9.78152E+12,20931.84,20931.84,INR
9.78112E+12,,,
1111972281,,,
9.78007E+12,,,
1118582691,,,
1538834235,,,
1538834138,,,
253016282,,,
1547089296,,,
9.78129E+12,,,
1538834197,,,
9.78047E+12,4852.16,4852.16,INR
9.78152E+12,23852.56,23852.56,INR
9.78112E+12,,,
9.78007E+12,6864.12,6864.12,INR
9.7818E+12,2940.6,2940.6,INR
9.78043E+12,,,
9.7818E+12,2940.6,2940.6,INR
9.78149E+12,,,
9.78163E+12,8310.03,8310.03,INR
9.78112E+12,,,
9.78007E+12,4399.87,4399.87,INR
9.78165E+12,8310.86,8310.86,INR
9.78112E+12,,,
9.78179E+12,2822.97,2822.97,INR
9.78007E+12,6071.98,6071.98,INR
9.78007E+12,5279.84,5279.84,INR
9.78939E+12,755.2,377.6,INR
9.781E+12,4712.52,4712.52,INR
9.78161E+12,,,
9.78112E+12,,,
9.78935E+12,628.94,314.47,INR
9.78112E+12,3885.74,3885.74,INR
9.78141E+12,325.68,227.98,INR
9.78074E+12,,,
9.78112E+12,2358.82,2358.82,INR
9.78149E+12,,,
9.78131E+12,,,
9.78013E+12,,,
9.78112E+12,,,
9.78165E+12,1683,1683,INR
982917481,,,
9.78939E+12,660.8,330.4,INR
9.78936E+12,566.4,283.2,INR
9.78043E+12,4482.82,4482.82,INR
9.78007E+12,3959.88,3959.88,INR
9.78366E+12,4200.8,4200.8,INR
9.78053E+12,204.43,204.43,INR
9.78185E+12,400.02,280.01,INR
9.78165E+12,2561,2561,INR
9.781E+12,4819.12,4819.12,INR
9.78006E+12,,,
9.78112E+12,,,
136717136,,,
9.78146E+12,3363,3363,INR
9.78161E+12,,,
9.78332E+12,8401.6,8401.6,INR
9.78151E+12,,,
9.78112E+12,,,
9.78364E+12,15812,15812,INR
036757098X,,,
9.78007E+12,,,
71491287,6159.81,6159.81,INR
9.78126E+12,4399.87,4399.87,INR
9.78112E+12,824.82,412.41,INR
9082809176,,,
9.78364E+12,7563.8,7563.8,INR
9.78112E+12,3399.58,3399.58,INR
UOM:39015062820512,,,
9.78981E+12,7056.4,7056.4,INR
9.78007E+12,,,
9.78149E+12,,,
1439806012,6726,6726,INR
9.78112E+12,4078.08,4078.08,INR
9.78007E+12,5279.84,5279.84,INR
9.78114E+12,6301.2,6301.2,INR
1430237015,,,
1118031865,13743.46,13743.46,INR
9.78019E+12,363.88,254.72,INR
9.78144E+12,5182.06,5182.06,INR
9.78114E+12,1733,1733,INR
9.78164E+12,,,
1623155746,,,
9.78135E+12,5043.32,5043.32,INR
1540380033,,,
8417963146,,,
9.78114E+12,,,
9.78019E+12,1372.78,686.39,INR
9.78148E+12,12334.54,12334.54,INR
749497068,,,
9.78145E+12,2950,2950,INR
032106920X,,,
9.78026E+12,9757.77,9757.77,INR
9.78026E+12,,,
9.78112E+12,,,
9.78026E+12,,,
9.78026E+12,,,
9.78149E+12,3764.2,3764.2,INR
9.78149E+12,2513.4,2513.4,INR
9.78981E+12,13452,13452,INR
9.78332E+12,5463.4,5463.4,INR
1484228448,,,
9.78014E+12,2720.77,2720.77,INR
9.78164E+12,2624.32,2624.32,INR
9.78148E+12,,,
1617294438,,,
9.78026E+12,,,
9.78149E+12,2879.2,2879.2,INR
9811633568,,,
9.78149E+12,,,
9.78179E+12,997.09,498.54,INR
9.78179E+12,775.25,387.62,INR
9.78149E+12,,,
9.78172E+12,,,
9.78149E+12,4425,4425,INR
9.78148E+12,,,
9.78149E+12,4425,2508.97,INR
9.78332E+12,4200.8,4200.8,INR
9.78939E+12,706.82,353.41,INR
9.78179E+12,886.17,443.08,INR
9.78164E+12,2489.8,2489.8,INR
1492039837,,,
9.78149E+12,,,
9.78162E+12,,,
1617293709,,,
9.78179E+12,886.17,422.46,INR
9.78164E+12,3095.14,3095.14,INR
9.78179E+12,886.17,443.08,INR
9.78303E+12,12626,12626,INR
9.78981E+12,6726,6726,INR
9.78172E+12,7806.05,7806.05,INR
9.78162E+12,,,
9.78981E+12,7563.8,7563.8,INR
9.7818E+12,,,
1484249755,,,
9.78303E+12,9239.4,9239.4,INR
1491914254,,,
9.78939E+12,972.29,403.17,INR
9.78179E+12,886.17,443.08,INR
148423684X,,,
9.781E+12,5491.72,5491.72,INR
9.7818E+12,2411.91,2411.91,INR
9811358494,,,
9.781E+12,,,
9.7818E+12,26286.49,26286.49,INR
9.78179E+12,997.09,498.54,INR
161729554X,,,
9.78164E+12,2624.32,2624.32,INR
1544361378,,,
9.78112E+12,,,
9.78126E+12,8711.9,8711.9,INR
9.78179E+12,886.17,456.97,INR
9.78111E+12,,,
9.78149E+12,,,
9.78039E+12,4790.8,4790.8,INR
9.78303E+12,13452,13452,INR
3030367207,,,
9.78179E+12,3691.03,456.97,INR
9.78168E+12,4101.57,4101.57,INR
9.78179E+12,1108.01,554,INR
9.78135E+12,,,
9.78311E+12,13100.99,13100.99,INR
1484265122,,,
9.78032E+12,8988.06,8988.06,INR
149208218X,,,
9.78111E+12,,,
9.78981E+12,9978.75,9978.75,INR
1492045357,,,
9.7818E+12,1108.01,554,INR
9.78149E+12,2725.8,2725.8,INR
9.78939E+12,972.29,486.14,INR
9.78184E+12,775.25,387.62,INR
9.78149E+12,,,
9.78148E+12,,,
9.78162E+12,,,
9.78013E+12,12223.62,12223.62,INR
9.78148E+12,,,
9.78184E+12,,,
9.78179E+12,886.17,443.08,INR
9.78939E+12,972.29,486.14,INR
9.78164E+12,2826.1,2826.1,INR
9.78303E+12,11764.6,11764.6,INR
9.78179E+12,997.09,498.54,INR
9.78184E+12,886.17,443.08,INR
3319730037,,,
9.78303E+12,12626,12626,INR
9.7818E+12,31641.15,31641.15,INR
9.78981E+12,6726,6726,INR
9.78148E+12,,,
9.78981E+12,12626,12626,INR
9.78303E+12,8401.6,8401.6,INR
9.78112E+12,13112.16,13112.16,INR
9.78032E+12,,,
9.78013E+12,10785.2,10785.2,INR
9.78303E+12,7139,7139,INR
1617296171,,,
9.78939E+12,848.42,424.21,INR
9.78013E+12,12223.62,12223.62,INR
9.78168E+12,3020.8,3020.8,INR
9.78013E+12,11505,11505,INR
9.78303E+12,12626,12626,INR
9.78303E+12,12626,12626,INR
9.78148E+12,,,
9.78112E+12,21852.42,21852.42,INR
9.78149E+12,,,
9.7818E+12,26286.49,26286.49,INR
9.78167E+12,26286.49,26286.49,INR
9.78178E+12,997.09,498.54,INR
9.78112E+12,9712.58,9712.58,INR
9.78303E+12,11764.6,11764.6,INR
9.78164E+12,2960.62,2960.62,INR
9.78152E+12,19958.26,19958.26,INR
1617295329,,,
9.78332E+12,6726,6726,INR
9.78013E+12,12223.62,12223.62,INR
9.78013E+12,,,
9.78179E+12,886.17,443.08,INR
9.7818E+12,26286.49,26286.49,INR
9.78303E+12,12626,12626,INR
9.78013E+12,8988.06,8988.06,INR
521383013,,,
9.78149E+12,,,
3030326055,,,
9.78179E+12,997.09,498.54,INR
9.78303E+12,8401.6,8401.6,INR
9.78148E+12,,,
9.78148E+12,,,
9.78112E+12,,,
9.78145E+12,11764.6,11764.6,INR
1721230882,,,
1731175620,,,
9.78162E+12,,,
9.78172E+12,3117.79,3117.79,INR
9.78147E+12,1556.75,1556.75,INR
1617296481,,,
9.78184E+12,1329.85,664.92,INR
9.78959E+12,934,467,INR
9.78179E+12,886.17,443.08,INR
9.78172E+12,3902.61,3902.61,INR
9.7818E+12,26286.49,26286.49,INR
9.78148E+12,,,
103224285X,,,
9.78032E+12,12942.24,12942.24,INR
1729851231,,,
9.78128E+12,,,
1984050621,,,
9.78179E+12,997.09,498.54,INR
9.78112E+12,,,
9.781E+12,11770.5,11770.5,INR
9.78147E+12,,,
9.78303E+12,14278,14278,INR
9811682321,,,
3319992228,,,
9.78148E+12,,,
981166045X,,,
9.78981E+12,8413.45,8413.45,INR
1667170023,,,
1491989386,,,
9.78164E+12,2489.8,2489.8,INR
9.78172E+12,,,
9.78981E+12,4200.8,4200.8,INR
9.78179E+12,886.17,443.08,INR
148427914X,,,
9.78184E+12,886.17,661.99,INR
9.78303E+12,11764.6,11764.6,INR
9.78013E+12,12223.62,12223.62,INR
1788474228,,,
9.78184E+12,886.17,443.08,INR
149205559X,,,
9.78303E+12,15222,15222,INR
3031004604,,,
9.78168E+12,,,
9.78162E+12,,,
9.78026E+12,,,
9.78112E+12,,,
149196460X,,,
1484266153,,,
9.78172E+12,4679.17,4679.17,INR
9.7818E+12,997.09,498.54,INR
9.781E+12,6244.42,6244.42,INR
1484263723,,,
9.78112E+12,21852.42,21852.42,INR
9.78179E+12,997.09,510.13,INR
9.78026E+12,,,
9.78303E+12,6726,6726,INR
9.78303E+12,5888.2,5888.2,INR
9.78112E+12,21852.42,21852.42,INR
9.78981E+12,9239.4,9239.4,INR
9.781E+12,16497.33,16497.33,INR
9.78032E+12,6220.96,6220.96,INR
1684660823,,,
1484232062,,,
9.78332E+12,10926.8,10926.8,INR
9.781E+12,9303.12,9303.12,INR
3030497232,,,
9.781E+12,5491.72,5491.72,INR
9.78303E+12,6726,6726,INR
9.78148E+12,,,
9.79868E+12,,,
9.78303E+12,4200.8,4200.8,INR
9.78303E+12,9239.4,9239.4,INR
9.78053E+12,204.43,204.43,INR
1790764165,,,
9.78164E+12,2960.62,2960.62,INR
9.78179E+12,775.25,402.44,INR
9.78184E+12,4131.17,4131.17,INR
9.78112E+12,,,
1548585793,,,
1803241330,,,
9.78311E+12,15154.27,15154.27,INR
3030410706,,,
9811563241,,,
1505714346,,,
9.78827E+12,390.03,273.02,INR
1795409207,,,
1484237986,,,
9.78032E+12,,,
9.78303E+12,14278,14278,INR
387310738,,,
9.78184E+12,886.17,695.09,INR
9.781E+12,,,
9.78981E+12,16874,16874,INR
9.78112E+12,,,
3030909867,,,
9.78145E+12,,,
1493938436,,,
9.78145E+12,,,
9.7802E+12,,,
9.78179E+12,1108.01,554,INR
3031044193,,,
9.78162E+12,,,
9.78179E+12,1218.93,609.46,INR
9.78032E+12,,,
PKEY:6610000168569,314,219.8,INR
1489978526,,,
1800567642,,,
128021217,,,
1119857201,,,
9.78167E+12,160152.88,160152.88,INR
9.78303E+12,12626,12626,INR
9.78132E+12,,,
9.78149E+12,,,
9.78112E+12,,,
9.78149E+12,3764.2,3764.2,INR
1617293873,,,
9.7818E+12,1108.01,554,INR
9.78039E+12,6726,6726,INR
9.78149E+12,,,
9811518157,,,
9.78026E+12,9757.77,9757.77,INR
9.78303E+12,5888.2,5888.2,INR
9.78149E+12,4425,4425,INR
9.78148E+12,,,
9.78026E+12,,,
9.78149E+12,,,
1530826608,,,
9.78112E+12,2428.44,2428.44,INR
9.78981E+12,13452,13452,INR
9.7818E+12,19958.26,19958.26,INR
9.78939E+12,972.29,486.14,INR
9.78013E+12,2720.77,2720.77,INR
9.78939E+12,972.29,486.14,INR
9.7818E+12,1108.01,554,INR
9.78179E+12,997.09,631.79,INR
9.78981E+12,19352,19352,INR
9.78332E+12,8401.6,8401.6,INR
9.78939E+12,972.29,486.14,INR
9.781E+12,5940.12,5940.12,INR
9.78332E+12,4200.8,4200.8,INR
9.78179E+12,,,
9.78013E+12,14380.66,14380.66,INR
9.7811E+12,971.91,546.5,INR
9.78303E+12,5888.2,5888.2,INR
9.78112E+12,,,
9.78126E+12,,,
9.78304E+12,,,
9.78304E+12,,,
9.78032E+12,6367.28,6367.28,INR
9.78179E+12,775.25,534.99,INR
9.78162E+12,,,
9.78145E+12,2950,1672.65,INR
9.78149E+12,,,
9.78332E+12,4625.6,4625.6,INR
9.78939E+12,972.29,486.14,INR
9.78112E+12,,,
9.78168E+12,352.82,246.97,INR
9.78012E+12,5389.06,5389.06,INR
9.78164E+12,2624.32,2624.32,INR
1537600311,,,
9.78332E+12,2100.4,2100.4,INR
9.78179E+12,997.09,498.54,INR
9.78146E+12,7139,7139,INR
9.78026E+12,12197.42,12197.42,INR
9.78939E+12,972.29,486.14,INR
9.78145E+12,2360,2360,INR
9.7814E+12,1484.85,742.42,INR
1549617214,,,
9.78939E+12,489,342.3,INR
9.78024E+12,707.11,353.56,INR
1777005469,,,
9.78164E+12,2960.62,2960.62,INR
367381893,,,
9.78014E+12,,,
9.78112E+12,588.82,294.41,INR
9.78163E+12,9677.37,9677.37,INR
9811533563,,,
9.78006E+12,666.19,333.1,INR
9.78001E+12,607.36,359.1,INR
9533073691,,,
9.78135E+12,,,
9.78164E+12,1950.54,1950.54,INR
9.78026E+12,,,
3319798642,,,
9.78111E+12,,,
9.78026E+12,1556.41,1556.41,INR
9.78164E+12,2960.62,2960.62,INR
1848829469,,,
UCSC:32106017935773,,,
9.78112E+12,4856.88,4856.88,INR
364235288X,,,
9.78332E+12,8401.6,8401.6,INR
9.78184E+12,775.25,387.62,INR
9.78164E+12,2489.8,2489.8,INR
9.78303E+12,13452,13452,INR
PSU:000067772872,,,
9.78981E+12,7988.6,7988.6,INR
UCSD:31822010985026,,,
9.78126E+12,24345.93,24345.93,INR
9.78179E+12,1951.64,1951.64,INR
1003093450,,,
9.78303E+12,12626,12626,INR
9.78303E+12,6891.2,6891.2,INR
9.78112E+12,2715.18,2715.18,INR
1447171195,,,
9.78161E+12,,,
UVA:X004837333,,,
UVA:X004908347,,,
9.78153E+12,2888,2888,INR
9.78149E+12,,,
1138480452,,,
9.78013E+12,,,
9.78113E+12,5828.02,5828.02,INR
9.78126E+12,13199.6,13199.6,INR
9.78026E+12,,,
9.78159E+12,,,
9811308683,,,
9.78151E+12,,,
9.78107E+12,,,
9.78303E+12,6218.6,6218.6,INR
9.78161E+12,,,
1617291560,,,
9.78354E+12,,,
9.78023E+12,3124.43,3124.43,INR
3642263216,,,
1617294470,,,
3540440364,,,
9.78145E+12,2360,2360,INR
9.78149E+12,,,
9.78149E+12,,,
9.78112E+12,,,
9.78013E+12,5030.34,5030.34,INR
9.78149E+12,,,
9.78111E+12,,,
9.78112E+12,,,
9.78149E+12,,,
9.781E+12,,,
9.781E+12,5491.72,5491.72,INR
9.78164E+12,1950.54,1950.54,INR
9.78111E+12,,,
9.78149E+12,,,
9.78164E+12,2355.28,2355.28,INR
9.78112E+12,,,
9.78145E+12,2065,1170.86,INR
9.78332E+12,3787.8,3787.8,INR
9.78149E+12,,,
9.78112E+12,7667.64,7667.64,INR
9.78332E+12,5463.4,5463.4,INR
9.78149E+12,,,
9.78179E+12,886.17,443.08,INR
9.78145E+12,0,0,INR
9.78026E+12,,,
9.78112E+12,2358.82,2358.82,INR
9.78126E+12,3432.06,3432.06,INR
9.78112E+12,4856.88,4856.88,INR
9.78043E+12,,,
9.78112E+12,,,
9.78332E+12,5463.4,5463.4,INR
9.781E+12,,,
9.78184E+12,665.51,332.76,INR
9.78332E+12,0,0,INR
9082809176,,,
9.78164E+12,2355.28,2355.28,INR
9.78164E+12,2960.62,2960.62,INR
9.78179E+12,997.09,498.54,INR
149207294X,,,
9.78164E+12,2960.62,2960.62,INR
9.78303E+12,11764.6,11764.6,INR
9.78111E+12,,,
9.78013E+12,4310.54,4310.54,INR
9.78303E+12,12626,12626,INR
9.7818E+12,1108.01,554,INR
9.78112E+12,3783.08,3783.08,INR
9.78184E+12,,,
9.78112E+12,,,
9.78303E+12,4200.8,4200.8,INR
9.78135E+12,,,
9.78981E+12,4200.8,4200.8,INR
9.78112E+12,824.82,412.41,INR
9.78043E+12,5491.72,5491.72,INR
9.78981E+12,10089,10089,INR
9.781E+12,4819.12,4819.12,INR
9.78032E+12,10785.2,10785.2,INR
9.781E+12,8966.82,8966.82,INR
9.78149E+12,4425,4425,INR
9.78303E+12,11764.6,11764.6,INR
9.781E+12,5491.72,5491.72,INR
9.78303E+12,10926.8,10926.8,INR
9.78149E+12,,,
9.78145E+12,0,0,INR
9.78162E+12,,,
9.78043E+12,5491.72,5491.72,INR
9.781E+12,,,
9.78332E+12,5038.6,5038.6,INR
9.78149E+12,2879.2,2879.2,INR
9.78149E+12,,,
9.78148E+12,,,
9.78149E+12,3764.2,3764.2,INR
9.78149E+12,,,
9.78184E+12,775.25,387.62,INR
9.78026E+12,1556.41,1556.41,INR
9.78149E+12,1250.8,625.4,INR
9.78145E+12,2950,1672.65,INR
9.78939E+12,972.29,486.14,INR
9.7818E+12,45757.97,45757.97,INR
9.78145E+12,2360,2360,INR
9.78162E+12,,,
367428199,,,
1617291560,,,
9.7806E+12,,,
9.78154E+12,7372.05,7372.05,INR
9.78185E+12,400.02,280.01,INR
9.781E+12,,,
9.78111E+12,,,
9.78168E+12,,,
9.781E+12,4948.2,4948.2,INR
1484268695,,,
9.78111E+12,,,
1633430278,,,
9.78149E+12,,,
9.781E+12,6388.52,6388.52,INR
128112166,,,
9.78053E+12,204.43,204.43,INR
1727287320,,,
9.78112E+12,3885.74,3885.74,INR
9.78303E+12,4625.6,4625.6,INR
1484251032,,,
9.78111E+12,,,
1498740006,,,
9.78139E+12,526.64,263.32,INR
9.78145E+12,,,
9.78013E+12,4310.54,4310.54,INR
9.78112E+12,4074.54,4074.54,INR
9.78165E+12,80,80,INR
9.78939E+12,1060.82,530.41,INR
9.78184E+12,4131.17,4131.17,INR
3030433862,,,
9.78148E+12,,,
9.78179E+12,,,
9.78031E+12,,,
9.78939E+12,972.29,486.14,INR
9.78939E+12,1037.22,518.61,INR
9.78332E+12,11764.6,11764.6,INR
9.78149E+12,,,
9.78311E+12,5083.46,5083.46,INR
9.78146E+12,7139,7139,INR
9.78135E+12,,,
9.78112E+12,,,
9.78939E+12,972.29,486.14,INR
9.78031E+12,4007.94,4007.94,INR
9.7818E+12,9261.6,9261.6,INR
9.78013E+12,10785.2,10785.2,INR
9.79857E+12,,,
9.78303E+12,5888.2,5888.2,INR
9.78164E+12,2489.8,2489.8,INR
9.78149E+12,2513.4,2513.4,INR
3030883884,,,
9.78112E+12,3885.74,3885.74,INR
1789347998,,,
9.78332E+12,15222,15222,INR
9.78163E+12,6352.79,6352.79,INR
1718726694,,,
9.78149E+12,,,
9.781E+12,5940.12,5940.12,INR
9.78443E+12,7316,7316,INR
9.78149E+12,,,
9.78179E+12,1108.01,554,INR
9.78303E+12,14278,14278,INR
9.78111E+12,,,
9.78303E+12,5463.4,5463.4,INR
9.781E+12,5066.04,5066.04,INR
1119741742,,,
9.78303E+12,12626,12626,INR
9.78149E+12,,,
9386551934,,,
9.781E+12,5066.04,5066.04,INR
9.78082E+12,,,
9.78149E+12,4425,4425,INR
9.78014E+12,,,
9.78981E+12,18526,18526,INR
9.78013E+12,12223.62,12223.62,INR
9.78129E+12,,,
9.78303E+12,13452,13452,INR
9.78981E+12,15222,15222,INR
3662570416,,,
9.78112E+12,21852.42,21852.42,INR
9.78149E+12,,,
9.78159E+12,,,
9.78039E+12,,,
1484226135,,,
3030069753,,,
9.78827E+12,390.03,273.02,INR
9.78145E+12,,,
9.78112E+12,3885.74,3885.74,INR
9.78075E+12,,,
9.78039E+12,1270.24,635.12,INR
1032240245,,,
9.78161E+12,11635.2,11635.2,INR
9.78303E+12,8401.6,8401.6,INR
9.78162E+12,,,
996025545,,,
9.78303E+12,4200.8,4200.8,INR
9811922101,,,
9.78112E+12,3881.02,3881.02,INR
1709892129,,,
9.78154E+12,,,
1802939873,,,
9.78303E+12,12626,12626,INR
1484268245,,,
9.78146E+12,5463.4,5463.4,INR
9.78303E+12,10926.8,10926.8,INR
9.78112E+12,,,
3031174828,,,
9.78303E+12,5038.6,5038.6,INR
9.78939E+12,972.29,486.14,INR
9.78152E+12,24826.13,24826.13,INR
9.78043E+12,,,
1802350365,,,
9.78149E+12,,,
9.78303E+12,14278,14278,INR
9.78112E+12,,,
9.78157E+12,,,
9.78145E+12,,,
1003256325,,,
9.78981E+12,21004,21004,INR
1667151304,,,
303039249X,,,
9.781E+12,5773.07,5773.07,INR
9.78112E+12,6313,6313,INR
3319899562,,,
9.78981E+12,7139,7139,INR
9.78032E+12,16537.7,16537.7,INR
9.78303E+12,4200.8,4200.8,INR
9.78159E+12,,,
9.78153E+12,,,
9.7818E+12,26286.49,26286.49,INR
9.78939E+12,1038.4,519.2,INR
9.78149E+12,1250.8,625.4,INR
1484248589,,,
1654982199,,,
9.78135E+12,,,
1558605762,,,
9.781E+12,5940.12,5940.12,INR
9.78179E+12,2105.11,2105.11,INR
9.78164E+12,2624.32,2624.32,INR
9.78148E+12,,,
9.78303E+12,11764.6,11764.6,INR
9.79837E+12,590,295,INR
1484281209,,,
9.78311E+12,5963.43,5963.43,INR
9.78303E+12,21004,21004,INR
9.79885E+12,,,
9.78164E+12,2624.32,2624.32,INR
9.78303E+12,18526,18526,INR
3319170902,,,
9.78149E+12,4425,4425,INR
9.78026E+12,9757.77,9757.77,INR
9.78014E+12,2882.25,2882.25,INR
9.78303E+12,19352,19352,INR
9.78303E+12,7316,7316,INR
9.78303E+12,7563.8,7563.8,INR
9.78164E+12,,,
9.78043E+12,,,
9811110689,,,
9.78026E+12,,,
9.78014E+12,500.32,247.66,INR
9811644853,,,
9.78145E+12,2655,2655,INR
9.78032E+12,,,
1801779597,,,
9.78013E+12,,,
9.78172E+12,,,
9.78185E+12,5038.6,5038.6,INR
1098121228,,,
9.78939E+12,659.62,329.81,INR
9.78303E+12,5463.4,5463.4,INR
9.78112E+12,3686.32,3686.32,INR
1493938436,,,
9.78184E+12,997.09,498.54,INR
9.78303E+12,6726,6726,INR
367381893,,,
9.78163E+12,9677.37,9677.37,INR
3030512215,,,
9.7815E+12,,,
9.78938E+12,488.23,341.76,INR
3031246276,,,
9811524068,,,
9.78013E+12,10785.2,10785.2,INR
9811624208,,,
9.78001E+12,379.5,265.65,INR
9.78112E+12,588.82,294.41,INR
9.78981E+12,,,
9.78145E+12,2360,2360,INR
9.78013E+12,,,
9.78366E+12,6726,6726,INR
9.78303E+12,5463.4,5463.4,INR
9.78154E+12,,,
9.78112E+12,2428.44,2428.44,INR
3030976440,,,
9.78153E+12,9138.64,9138.64,INR
9.78052E+12,,,
192897888,,,
9.7818E+12,26286.49,26286.49,INR
9.78144E+12,1754.97,1754.97,INR
9811968799,,,
1633439658,,,
367696614,,,
9.78383E+12,2100.4,2100.4,INR
9.78074E+12,,,
9.78332E+12,12626,12626,INR
9.78303E+12,4625.6,4625.6,INR
9.78981E+12,8401.6,8401.6,INR
9811520372,,,
9.78159E+12,3117.79,1588.49,INR
9.78075E+12,4359.01,4359.01,INR
9.78145E+12,0,0,INR
9.78032E+12,10066.58,10066.58,INR
9.781E+12,,,
9811526990,,,
9811659397,,,
9.78191E+12,6469.31,6469.31,INR
9.78332E+12,9664.2,9664.2,INR
1482232111,,,
1653684771,,,
9.78939E+12,972.29,486.14,INR
9.78112E+12,824.82,412.41,INR
9.78148E+12,,,
9.78135E+12,2600,2600,INR
9.78112E+12,,,
3319997122,,,
9.78132E+12,,,
9.78179E+12,2002.25,2002.25,INR
9.78191E+12,6469.31,6469.31,INR
9.78147E+12,19471.48,19471.48,INR
9811944520,,,
9.78132E+12,,,
1786345390,,,
1484288254,,,
9.78195E+12,,,
9.78939E+12,350,245,INR
9.78332E+12,11764.6,11764.6,INR
9.78082E+12,,,
9.78332E+12,8401.6,8401.6,INR
9.78152E+12,31641.15,31641.15,INR
9.78303E+12,8236.4,8236.4,INR
9.7982E+12,292.31,204.62,INR
9.78031E+12,6354.53,6354.53,INR
9.78145E+12,7988.6,7988.6,INR
9.78981E+12,16874,16874,INR
9.78152E+12,18011.11,18011.11,INR
9.78112E+12,21459.48,21459.48,INR
9.78364E+12,15812,15812,INR
9.78112E+12,588.82,294.41,INR
9.781E+12,5491.72,5491.72,INR
9.78153E+12,,,
9.78152E+12,20931.84,20931.84,INR
9.781E+12,3698.12,3698.12,INR
9.78303E+12,4625.6,4625.6,INR
9.78152E+12,20931.84,20931.84,INR
9.78084E+12,,,
9.78112E+12,,,
9.781E+12,8836.86,8836.86,INR
9.78132E+12,,,
9.7818E+12,24339.34,24339.34,INR
9.78303E+12,11764.6,11764.6,INR
9.78179E+12,886.17,443.08,INR
9.78178E+12,1108.01,554,INR
9.78026E+12,,,
1491907339,,,
9.78006E+12,1382.93,691.46,INR
OSU:32435009222415,,,
1003093450,,,
9.78007E+12,7479.77,7479.77,INR
9.78024E+12,707.11,353.56,INR
UOM:39015002095381,,,
3030754596,,,
9.78164E+12,1950.54,1950.54,INR
UOM:39015030992542,,,
9.781E+12,,,
9.78164E+12,2489.8,2489.8,INR
UCSD:31822000037648,,,
UCSD:31822032277600,,,
9.78159E+12,,,
9.78026E+12,1556.41,1556.41,INR
9.781E+12,4146.52,4146.52,INR
194505123X,,,
1484234944,,,
9.78019E+12,1372.78,686.39,INR
1848829469,,,
9.78954E+12,,,
9.78112E+12,4078.08,4078.08,INR
9.78126E+12,9288.61,9288.61,INR
9811533563,,,
1138480452,,,
1617296082,,,
9.78132E+12,,,
359828523,,,
9.78161E+12,,,
1461455901,,,
3031004604,,,
3319673769,,,
OSU:32435019744671,,,
303041888X,,,
9.78148E+12,,,
71807594,,,
9.78012E+12,3304,3304,INR
309097347,,,
1589062604,,,
9.78112E+12,,,
9.78019E+12,251.89,176.32,INR
9.78164E+12,2489.8,2489.8,INR
UOM:39015029885772,,,
9.78026E+12,,,
9.78112E+12,13204.2,13204.2,INR
9.78039E+12,,,
9.78159E+12,,,
1484230957,,,
9.78111E+12,,,
1617294470,,,
3030598918,,,
3030202895,,,
3642372244,,,
9.78111E+12,,,
9.78043E+12,5940.12,5940.12,INR
9.78303E+12,4625.6,4625.6,INR
9.781E+12,8966.82,8966.82,INR
9.78162E+12,,,
9.78111E+12,,,
9.78332E+12,10089,10089,INR
9811110689,,,
9.78014E+12,500.32,247.66,INR
9.78043E+12,5491.72,5491.72,INR
9.78112E+12,,,
9.78111E+12,,,
9.78145E+12,2360,2360,INR
9.78149E+12,,,
9.78981E+12,2950,2950,INR
9.78153E+12,2340.16,2340.16,INR
1098115562,,,
9.78132E+12,,,
692196382,,,
9.78149E+12,,,
9.78013E+12,,,
9.7814E+12,9239.4,9239.4,INR
9.78031E+12,,,
9.78332E+12,2773,2773,INR
9.78026E+12,9757.77,9757.77,INR
9.78147E+12,8609.28,8609.28,INR
9.78164E+12,1950.54,1950.54,INR
9.78149E+12,3764.2,3764.2,INR
9.78039E+12,4790.8,4790.8,INR
9.78149E+12,1250.8,625.4,INR
9.78161E+12,,,
9.78111E+12,,,
9.78135E+12,,,
9.7818E+12,775.25,387.62,INR
9.78179E+12,886.17,443.08,INR
9.7806E+12,,,
9.78112E+12,931.02,465.51,INR
9.78178E+12,997.09,498.54,INR
9.78172E+12,3902.61,3902.61,INR
980232775,,,
9.78145E+12,2655,2655,INR
9.78053E+12,204.43,204.43,INR
9.78164E+12,1950.54,1950.54,INR
9.78112E+12,4856.88,4856.88,INR
9.78026E+12,,,
9.78179E+12,1108.01,554,INR
9.7815E+12,,,
9.78039E+12,1270.24,635.12,INR
9.7815E+12,,,
9.78148E+12,16874,16874,INR
9.78039E+12,6726,6726,INR
9.78135E+12,,,
9.7818E+12,,,
9.78112E+12,,,
9.781E+12,,,
9.78939E+12,236,110.45,INR
9.78149E+12,,,
9.78185E+12,3197.8,3197.8,INR
9.78026E+12,,,
1617296481,,,
9.7815E+12,4482.82,4482.82,INR
1457309327,,,
9.78147E+12,1061.11,530.56,INR
9.78014E+12,2720.77,2720.77,INR
9.78161E+12,,,
9.78111E+12,,,
9.78026E+12,12197.42,12197.42,INR
9.78047E+12,1245.61,622.8,INR
9.78142E+12,,,
9.78146E+12,7563.8,7563.8,INR
9.78145E+12,6789.35,6789.35,INR
80520839,6899.46,6899.46,INR
9.78146E+12,5463.4,5463.4,INR
9811578761,,,
606039600,,,
9.7814E+12,8437,8437,INR
9.78014E+12,,,
495109665,,,
9.78112E+12,14563.56,14563.56,INR
9.78149E+12,,,
9.78112E+12,,,
9.78039E+12,,,
9.78168E+12,,,
9.78189E+12,2831.36,2831.36,INR
9.78303E+12,12626,12626,INR
9.78149E+12,,,
1493938436,,,
977304566,,,
9.78026E+12,7806.05,7806.05,INR
9811679959,,,
9.78142E+12,4707.08,4707.08,INR
9.78164E+12,2489.8,2489.8,INR
9.78145E+12,2950,1672.65,INR
9.78332E+12,5038.6,5038.6,INR
9.78052E+12,,,
9.78112E+12,14078.58,14078.58,INR
1496034023,,,
9.78164E+12,2624.32,2624.32,INR
9.78052E+12,,,
9.7802E+12,,,
9.78023E+12,4816,4816,INR
9.78111E+12,,,
1616100362,,,
9.78055E+12,,,
9.78013E+12,2255.67,2255.67,INR
9.78013E+12,,,
9.78981E+12,5711.2,5711.2,INR
9.78936E+12,293.82,205.67,INR
9.78145E+12,2065,1170.86,INR
73533432,,,
9.78162E+12,,,
9.78303E+12,5888.2,5888.2,INR
8177585460,,,
9.78164E+12,2355.28,2355.28,INR
9.78151E+12,,,
9.78012E+12,3591.92,3591.92,INR
9.78145E+12,2950,2950,INR
9.7814E+12,1840.8,1840.8,INR
9.78162E+12,,,
9.78185E+12,5038.6,5038.6,INR
9.78132E+12,,,
9.78153E+12,,,
9.7818E+12,1543.44,1543.44,INR
9.78001E+12,379.5,265.65,INR
9.78112E+12,,,
9.78147E+12,11208.82,11208.82,INR
9.78939E+12,755.2,377.6,INR
521833787,,,
9.78111E+12,,,
9.78111E+12,,,
9.78164E+12,2624.32,2624.32,INR
9.78303E+12,8401.6,8401.6,INR
9.78162E+12,,,
9.78168E+12,2513.4,2513.4,INR
9.78164E+12,2960.62,2960.62,INR
9.78006E+12,,,
9.78159E+12,,,
9.78043E+12,,,
9.78148E+12,6726,6726,INR
9.78114E+12,,,
9.78981E+12,18526,18526,INR
9.78148E+12,,,
9.78077E+12,,,
9.78303E+12,10926.8,10926.8,INR
9.78149E+12,1628.4,1628.4,INR
9.78366E+12,2525.2,2525.2,INR
62851756,,,
9.78147E+12,,,
9.78303E+12,10089,10089,INR
9.78135E+12,,,
9.78149E+12,15222,15222,INR
9.781E+12,9303.12,9303.12,INR
9.781E+12,5773.07,5773.07,INR
9.78111E+12,,,
9.78144E+12,,,
9.78939E+12,972.29,486.14,INR
1617291560,,,
804848998,,,
9.78303E+12,7563.8,7563.8,INR
9.78153E+12,,,
9.7818E+12,20931.84,20931.84,INR
547132492,,,
9.78143E+12,,,
9.78069E+12,,,
470694483,,,
1364849186,,,
716733730,,,
9.78939E+12,972.29,486.14,INR
471360910,,,
3319834568,,,
9.7815E+12,5940.12,5940.12,INR
367381893,,,
753552817,,,
9.79861E+12,,,
1984050621,,,
521100283,,,
9.78179E+12,,,
9.78179E+12,,,
9.78159E+12,,,
9.78939E+12,972.29,486.14,INR
9.78034E+12,,,
9.78179E+12,1218.93,609.46,INR
9.78178E+12,538.08,269.04,INR
9.78179E+12,1993.01,1993.01,INR
1579550363,,,
9.78303E+12,0,0,INR
9.7818E+12,36995.8,36995.8,INR
9.78148E+12,2732.72,2732.72,INR
470452579,,,
9.78191E+12,,,
9.78981E+12,,,
1491910593,,,
9.78114E+12,,,
9.781E+12,4594.69,4594.69,INR
9.78179E+12,1218.93,609.46,INR
9.7818E+12,665.51,332.76,INR
9.78332E+12,5038.6,5038.6,INR
9.78152E+12,20931.84,20931.84,INR
9.78112E+12,,,
9.78172E+12,,,
9.78191E+12,,,
9.78332E+12,10926.8,10926.8,INR
9.78221E+12,2359.83,2359.83,INR
9.78114E+12,,,
9.78153E+12,2808.39,2808.39,INR
9.78165E+12,80,80,INR
1526463377,,,
9.78981E+12,21004,21004,INR
9.78147E+12,,,
9.78184E+12,3188.8,3188.8,INR
9.78179E+12,886.17,443.08,INR
9.78981E+12,10089,10089,INR
9.78303E+12,21004,21004,INR
UCSD:31822002717841,,,
8177581511,,,
113846953X,,,
9.78385E+12,,,
9.78283E+12,,,
1491907339,,,
9.78147E+12,449,314.3,INR
9.78303E+12,9239.4,9239.4,INR
1138480452,,,
9.78926E+12,5819,5819,INR
9.78153E+12,,,
9.78024E+12,618.61,309.3,INR
9.78069E+12,,,
9.78112E+12,6405.04,6405.04,INR
9.78112E+12,,,
9.78147E+12,17037.54,17037.54,INR
9.78289E+12,,,
9.78043E+12,4482.82,4482.82,INR
9.78939E+12,588.82,294.41,INR
1032006633,,,
9.781E+12,5301.71,5301.71,INR
9.78179E+12,,,
9.78179E+12,2214.85,2214.85,INR
9.78939E+12,972.29,486.14,INR
9.78086E+12,7043.42,7043.42,INR
9.7818E+12,24339.34,24339.34,INR
9.78332E+12,9239.4,9239.4,INR
9.78153E+12,,,
9.781E+12,2128.72,2128.72,INR
9.78819E+12,352.82,246.97,INR
1351013238,,,
9.78819E+12,234.82,164.37,INR
9.78819E+12,234.82,164.37,INR
9.78819E+12,118,118,INR
1119991722,6794.44,6794.44,INR
9.78069E+12,,,
9.78303E+12,12626,12626,INR
1447121554,23600,23600,INR
9.78311E+12,8307.57,8307.57,INR
9.78332E+12,7139,7139,INR
9.78939E+12,470.82,329.57,INR
9.78332E+12,6301.2,6301.2,INR
9.78152E+12,403.56,282.49,INR
9.78935E+12,,,
9.78013E+12,3591.92,3591.92,INR
9.78112E+12,,,
9.78147E+12,,,
9.78179E+12,665.51,345.14,INR
9.78113E+12,,,
9.78144E+12,9664.2,9664.2,INR
9.78007E+12,,,
9.781E+12,,,
9.78933E+12,112.5,112.5,INR
9.7818E+12,20931.84,20931.84,INR
9.78185E+12,17436,17436,INR
387310738,,,
9.7814E+12,10926.8,10926.8,INR
9.78158E+12,,,
9.7814E+12,2591.44,2591.44,INR
9.78939E+12,470.82,329.57,INR
9.78179E+12,997.09,498.54,INR
9.781E+12,,,
9.78198E+12,,,
9.78075E+12,,,
9.78148E+12,,,
9.78303E+12,11764.6,11764.6,INR
9.78113E+12,1904.52,1904.52,INR
9.78049E+12,1351.12,675.56,INR
1441920153,,,
9.78159E+12,,,
9.78303E+12,5463.4,5463.4,INR
1425807798,,,
9.78289E+12,,,
UOM:39015062415164,,,
9.78981E+12,16874,16874,INR
9.78311E+12,9658.41,9658.41,INR
9.78135E+12,2128.72,2128.72,INR
9.78043E+12,4594.69,4594.69,INR
9.78075E+12,10840.1,10840.1,INR
1784163376,,,
1305088956,,,
9.78819E+12,,,
9.78047E+12,,,
9.78159E+12,,,
1118039556,,,
1461130875,,,
1461471370,,,
9.7802E+12,,,
9.7802E+12,,,
1474960472,,,
9.7802E+12,,,
9.78075E+12,199,139.3,INR
3319457225,,,
860105768,,,
9.78148E+12,,,
9.7808E+12,,,
9.78076E+12,,,
9.78099E+12,,,
9.78047E+12,,,
73229725,,,
9.78184E+12,2391.35,2391.35,INR
9.78059E+12,,,
9.78086E+12,460.2,322.14,INR
9.78111E+12,,,
1541600363,,,
9.78935E+12,150,105,INR
9.78112E+12,,,
9.78147E+12,,,
1444178296,,,
748753966,,,
9.78885E+12,,,
9.78014E+12,,,
9.78014E+12,,,
3319794922,,,
1072923564,,,
9.78074E+12,,,
9.78939E+12,257.24,180.07,INR
1843158825,,,
471496650,,,
9797815374,,,
9.78185E+12,,,
9.78112E+12,,,
9.78147E+12,3042.51,3042.51,INR
9.78147E+12,2341.12,2083.2,INR
3319407295,,,
9.78164E+12,,,
9.78146E+12,3363,3363,INR
9.7802E+12,,,
1337101818,,,
9.78147E+12,479,279.3,INR
UOM:35128000231868,,,
1590597451,,,
1760781150,,,
9.78192E+12,,,
8120334442,,,
9.78353E+12,,,
019882954X,,,
9.78049E+12,,,
9.78001E+12,,,
1544374836,,,
367399164,,,
9.7815E+12,,,
9.78303E+12,7563.8,7563.8,INR
9.78049E+12,,,
9.78147E+12,2957.08,2957.08,INR
9.78132E+12,,,
9.78184E+12,10405.72,10405.72,INR
9.78151E+12,247.71,173.4,INR
9.78039E+12,,,
1544356234,,,
1118332571,,,
9.78812E+12,820.1,410.05,INR
036773818X,,,
9.78147E+12,1312.16,656.08,INR
198392613,,,
9.78178E+12,,,
335227244,,,
1408521156,,,
1526404109,,,
9.78179E+12,594.35,297.18,INR
750653701,,,
9.78151E+12,247.71,173.4,INR
9.78076E+12,,,
940070707X,,,
9.78147E+12,,,
9.7814E+12,,,
9.781E+12,6244.42,6244.42,INR
9.7818E+12,2940.6,2940.6,INR
9.78149E+12,,,
9.78145E+12,955.8,477.9,INR
9.78303E+12,0,0,INR
9.78191E+12,0,0,INR
9.78075E+12,5301.71,5301.71,INR
1802203109,,,
1634001338,,,
9.78149E+12,,,
9.78332E+12,8401.6,8401.6,INR
1138535044,,,
9.78332E+12,9239.4,9239.4,INR
9.78031E+12,,,
9.78112E+12,,,
9.78135E+12,4625.6,4625.6,INR
9.781E+12,0,0,INR
9.78163E+12,5863.73,5863.73,INR
9.78031E+12,3519.06,3519.06,INR
9.7818E+12,2940.6,2940.6,INR
9.781E+12,3887.66,3887.66,INR
3319803514,,,
9.78147E+12,219054.09,219054.09,INR
9.7818E+12,20931.84,20931.84,INR
9.78179E+12,8970.31,8970.31,INR
1839981032,,,
9.78019E+12,,,
9.78026E+12,3215.38,3215.38,INR
9.78112E+12,4953.64,4953.64,INR
9.78112E+12,16025.58,16025.58,INR
9.78043E+12,4146.52,4146.52,INR
9.78332E+12,5038.6,5038.6,INR
9.78303E+12,11764.6,11764.6,INR
9.78303E+12,8401.6,8401.6,INR
9.78179E+12,7873.82,7873.82,INR
3031214900,,,
9.78153E+12,3861.91,3861.91,INR
9.7818E+12,9261.6,9261.6,INR
9.78151E+12,2229.02,2229.02,INR
9.78179E+12,,,
9.781E+12,4594.69,4594.69,INR
1398610291,,,
9.78179E+12,7873.82,7873.82,INR
9.78135E+12,4482.82,4482.82,INR
9.78303E+12,8401.6,8401.6,INR
9.78303E+12,0,0,INR
9.78111E+12,,,
9.78303E+12,0,0,INR
9.78111E+12,,,
9.78031E+12,,,
9.78112E+12,2913.42,2913.42,INR
9.78366E+12,4625.6,4625.6,INR
9.7818E+12,28720.43,28720.43,INR
9.78043E+12,,,
9.78303E+12,8401.6,8401.6,INR
9.78332E+12,4200.8,4200.8,INR
9.78132E+12,,,
9.78153E+12,,,
9.78147E+12,9968.12,9968.12,INR
9.78926E+12,3429.05,3429.05,INR
9.78303E+12,12626,12626,INR
9.78303E+12,6218.6,6218.6,INR
9.78153E+12,3744.86,3744.86,INR
9.78164E+12,,,
9.78303E+12,0,0,INR
9.78173E+12,2934.35,2934.35,INR
9.78111E+12,,,
9.78249E+12,0,0,INR
9.78926E+12,2805.59,2805.59,INR
9.7818E+12,20931.84,20931.84,INR
9.78153E+12,,,
9.78289E+12,,,
9.78019E+12,532.03,266.02,INR
9.7808E+12,,,
9.78926E+12,3117.32,3117.32,INR
9.78303E+12,7139,7139,INR
9.78149E+12,3764.2,3764.2,INR
9.78303E+12,11764.6,11764.6,INR
9.78332E+12,5711.2,5711.2,INR
9.78332E+12,8401.6,8401.6,INR
9.78128E+12,,,
9.78303E+12,9239.4,9239.4,INR
9.781E+12,,,
9.781E+12,,,
9.78084E+12,,,
9.78926E+12,4052.52,4052.52,INR
9.78112E+12,,,
9.78024E+12,618.61,309.3,INR
9.78114E+12,7845.82,7845.82,INR
9.78159E+12,,,
9.78086E+12,,,
9.78112E+12,3885.74,3885.74,INR
9.7814E+12,1434.31,717.16,INR
9.78163E+12,850.45,425.22,INR
9.78114E+12,3852,3852,INR
9.78332E+12,9074.2,9074.2,INR
9.78152E+12,28720.43,28720.43,INR
9.78303E+12,10926.8,10926.8,INR
9.78303E+12,5463.4,5463.4,INR
1492072664,,,
9.78191E+12,0,0,INR
9.78303E+12,7563.8,7563.8,INR
9.78946E+12,2950,2950,INR
9.78926E+12,7793.3,7793.3,INR
9.78303E+12,10926.8,10926.8,INR
9.7818E+12,21418.62,21418.62,INR
9.781E+12,4123.33,4123.33,INR
9.78332E+12,15222,15222,INR
9.78032E+12,12942.24,12942.24,INR
9.78303E+12,16874,16874,INR
9.78151E+12,3082,3082,INR
9.7802E+12,,,
9.78926E+12,1558.66,1558.66,INR
9.78073E+12,,,
9.78036E+12,,,
9.78154E+12,316.24,221.37,INR
9.78303E+12,0,0,INR
9.78151E+12,1257.88,628.94,INR
9.78132E+12,5267.52,5267.52,INR
9.78332E+12,8401.6,8401.6,INR
9.78366E+12,6726,6726,INR
9.78135E+12,5043.32,5043.32,INR
9.78112E+12,,,
9.78303E+12,21004,21004,INR
9.7815E+12,5491.72,5491.72,INR
9.78303E+12,8401.6,8401.6,INR
9.781E+12,4241.17,4241.17,INR
9.78112E+12,,,
9.78049E+12,434.55,304.18,INR
9.7818E+12,6977.68,6977.68,INR
9.78146E+12,3905.74,3905.74,INR
9.78303E+12,10926.8,10926.8,INR
9.78152E+12,27746.85,27746.85,INR
9.781E+12,3586.02,3586.02,INR
9.78926E+12,2493.86,2493.86,INR
9.79899E+12,2235.56,2235.56,INR
9.78149E+12,,,
3319335235,,,
3030669122,,,
9.78153E+12,8428.16,8428.16,INR
9.78148E+12,,,
9.78112E+12,2623.14,2623.14,INR
9.78132E+12,3138.8,3138.8,INR
1484261143,,,
9.78111E+12,,,
1785480251,,,
EAN:8596547410539,,,
9.78981E+12,9978.75,9978.75,INR
9.78026E+12,,,
9.781E+12,5066.04,5066.04,INR
9.78043E+12,,,
9.78926E+12,1558.66,1558.66,INR
9.78031E+12,,,
3030819094,,,
1032275065,,,
9.78303E+12,0,0,INR
9.78179E+12,,,
3030167607,,,
9.7818E+12,9261.6,9261.6,INR
9.78148E+12,,,
9.78151E+12,,,
9.78179E+12,,,
9.78147E+12,441.61,309.13,INR
3030043622,,,
9.78332E+12,10089,10089,INR
9.78303E+12,5038.6,5038.6,INR
9.78303E+12,10089,10089,INR
9.78019E+12,532.03,266.02,INR
9.7818E+12,23365.77,23365.77,INR
9.78112E+12,16025.58,16025.58,INR
9.78303E+12,0,0,INR
9.7807E+12,907.23,453.62,INR
9.78147E+12,4330.14,4330.14,INR
9.78147E+12,2808.39,2808.39,INR
787982369,,,
9.78303E+12,4200.8,4200.8,INR
9.7802E+12,,,
9.78149E+12,3764.2,3764.2,INR
9.78047E+12,4852.16,4852.16,INR
9.78026E+12,1556.41,1556.41,INR
9.78179E+12,,,
9.78147E+12,879.97,401.38,INR
158901328X,2243.85,2243.85,INR
9.78316E+12,,,
9.78111E+12,,,
9.7802E+12,2636.11,2636.11,INR
9.78057E+12,2600,2600,INR
9.78026E+12,,,
9.78112E+12,,,
9.78185E+12,400.02,280.01,INR
9.7818E+12,0,0,INR
9.78024E+12,618.61,309.3,INR
1330371070,,,
9.78026E+12,,,
9.78332E+12,15222,15222,INR
1855548453,,,
9.78014E+12,500.32,247.66,INR
9.78303E+12,10089,10089,INR
9.78067E+12,,,
9.78303E+12,9239.4,9239.4,INR
9.78165E+12,8310.86,8310.86,INR
9.78047E+12,,,
9.78193E+12,,,
9.78145E+12,,,
9.78112E+12,,,
9.78149E+12,7316,7316,INR
1980914818,,,
3030748367,,,
1357093950,,,
9.78163E+12,4396.55,4396.55,INR
303118369X,,,
9.78179E+12,,,
9.78111E+12,,,
9.78075E+12,,,
9.78148E+12,4253.2,4253.2,INR
9.78303E+12,5463.4,5463.4,INR
9.78112E+12,14641.44,14641.44,INR
1376608936,,,
1376932520,,,
9.78012E+12,,,
9.78146E+12,11776.4,11776.4,INR
UCAL:B4451445,,,
894136399,,,
9.78146E+12,,,
3030450015,,,
761949747,,,
9.78147E+12,,,
3030546594,,,
9.78385E+12,3269,3269,INR
1928502121,,,
9.78364E+12,,,
9.78111E+12,,,
9.78031E+12,,,
9.78185E+12,,,
9.78303E+12,10926.8,10926.8,INR
9.78012E+12,3591.92,3591.92,INR
9.78161E+12,,,
9.7818E+12,29694,29694,INR
9.78303E+12,8401.6,8401.6,INR
9.78114E+12,,,
9.78159E+12,,,
9.78149E+12,0,0,INR
9.78332E+12,10997.6,10997.6,INR
9.78366E+12,,,
9.7818E+12,181571.5,181571.5,INR
9.78067E+12,,,
9.78149E+12,,,
761949747,,,
1484249879,,,
9.78111E+12,,,
UOM:39015038015643,,,
1736860577,,,
9.7818E+12,21418.62,21418.62,INR
9.78081E+12,925.55,752.15,INR
9.78303E+12,5038.6,5038.6,INR
1800886403,,,
1800374356,,,
9.78303E+12,4625.6,4625.6,INR
9.78303E+12,0,0,INR
3031187938,,,
9.78019E+12,238.1,166.67,INR
9.7894E+12,13098,13098,INR
9.78007E+12,,,
9.78114E+12,,,
1999601912,,,
9.78135E+12,4034.42,4034.42,INR
9.78141E+12,,,
131919074X,,,
9.78132E+12,1657.2,1657.2,INR
367028417,,,
1138529907,,,
9.781E+12,,,
1484291611,,,
309147824,3519.06,3519.06,INR
9.78032E+12,,,
9.78113E+12,,,
9.78026E+12,,,
9.78023E+12,,,
9.78161E+12,,,
9.7894E+12,9239.4,9239.4,INR
9.78332E+12,16874,16874,INR
1557986886,,,
9.78026E+12,,,
UOM:39076006166453,,,
9.78303E+12,7563.8,7563.8,INR
9.78026E+12,,,
1032012935,,,
1484278232,,,
9.78132E+12,4370.72,4370.72,INR
9.78147E+12,3744.86,3744.86,INR
9.78145E+12,,,
1912808471,,,
9.78303E+12,4625.6,4625.6,INR
3319714422,,,
9.7814E+12,10926.8,10926.8,INR
470498609,413,289.1,INR
9.78112E+12,,,
9.78184E+12,,,
9.78067E+12,3813.22,3813.22,INR
9.78144E+12,,,
UCSC:32106005378572,,,
303087401X,,,
9.781E+12,2002.25,2002.25,INR
9.78086E+12,,,
761971580,,,
9.78114E+12,,,
989453936,,,
9.78154E+12,2732.72,2732.72,INR
9.78145E+12,0,0,INR
9.78332E+12,7563.8,7563.8,INR
9.78019E+12,700.18,350.09,INR
1138462519,,,
143383216X,,,
9.78303E+12,5038.6,5038.6,INR
9.78332E+12,7563.8,7563.8,INR
022634455X,,,
9.78031E+12,5133.18,5133.18,INR
1137366702,,,
9.7894E+12,11764.6,11764.6,INR
1786439727,,,
9400769695,,,
9.78113E+12,,,
9.78149E+12,1404.2,702.1,INR
UOM:39015073623020,,,
9.78179E+12,,,
9.78014E+12,,,
9.78178E+12,4644.3,4644.3,INR
9.78159E+12,,,
9.78032E+12,1053.82,526.91,INR
9.78023E+12,2885.97,2885.97,INR
813828066,,,
9.78149E+12,4425,4425,INR
9.78303E+12,6301.2,6301.2,INR
9.78141E+12,,,
9.78147E+12,3744.86,3744.86,INR
9.78145E+12,,,
9.78075E+12,,,
9.78142E+12,885,442.5,INR
9.78364E+12,13452,13452,INR
9.78075E+12,5183.88,5183.88,INR
9.78144E+12,,,
1684673194,,,
9.78303E+12,7139,7139,INR
9.78303E+12,6301.2,6301.2,INR
199032254,,,
9.78132E+12,4146.52,4146.52,INR
9.78332E+12,4873.4,4873.4,INR
9.78087E+12,1270.97,635.48,INR
807605425,,,
3030080994,,,
241366372,,,
9.78019E+12,616.1,308.05,INR
1464813256,,,
9.78332E+12,7563.8,7563.8,INR
125964121X,,,
9.78159E+12,5038.6,5038.6,INR
9.7802E+12,434.17,303.92,INR
9.78069E+12,,,
9.78019E+12,1457.19,728.6,INR
9.78007E+12,,,
140449493,,,
9.78135E+12,2577.12,2577.12,INR
9.7811E+12,,,
9.78148E+12,5954.32,5954.32,INR
9.78076E+12,,,
3319082531,,,
9.78303E+12,9664.2,9664.2,INR
9.78303E+12,11764.6,11764.6,INR
9.78069E+12,1303.9,651.95,INR
9.781E+12,4146.52,4146.52,INR
1785278010,,,
OSU:32435075971853,,,
1107501164,,,
9.78075E+12,5537.39,5537.39,INR
3030179621,,,
9.78049E+12,960.76,480.38,INR
059652269X,,,
9.78144E+12,,,
1461455901,,,
309078733,,,
1725619415,,,
9.78019E+12,4063.52,4063.52,INR
9.7818E+12,22392.2,22392.2,INR
9.78113E+12,4819.12,4819.12,INR
3540826270,,,
194505123X,,,
631229191,,,
3849515109,,,
262133601,,,
9.78111E+12,,,
9.78981E+12,0,0,INR
9.7806E+12,2655,2655,INR
9.781E+12,4819.12,4819.12,INR
9.78149E+12,,,
9.78026E+12,,,
9.78149E+12,,,
9.78149E+12,,,
1484273850,,,
9.78148E+12,,,
9.78185E+12,10926.8,10926.8,INR
9.78179E+12,1108.01,554,INR
9.78164E+12,2624.32,2624.32,INR
9.78981E+12,11764.6,11764.6,INR
9.78164E+12,2960.62,2960.62,INR
9.78148E+12,,,
9.78332E+12,9239.4,9239.4,INR
9.78179E+12,886.17,443.08,INR
9.7811E+12,,,
9.78938E+12,,,
142008593X,,,
9.78148E+12,,,
9.78147E+12,18984.69,18984.69,INR
9.78354E+12,,,
9.78184E+12,886.17,443.08,INR
8131708950,,,
9.78179E+12,886.17,443.08,INR
9.78332E+12,4625.6,4625.6,INR
9.78014E+12,,,
9.78332E+12,5888.2,5888.2,INR
9.7818E+12,24339.34,24339.34,INR
9.78144E+12,21004,21004,INR
3319108875,,,
9.78164E+12,2355.28,2355.28,INR
9.7818E+12,101251.67,101251.67,INR
9.7818E+12,886.17,443.08,INR
9.78163E+12,,,
3540676058,,,
UOM:39015080815528,,,
9.78364E+12,7988.6,7988.6,INR
9.78332E+12,8236.4,8236.4,INR
148426245X,,,
3030513092,,,
9.78981E+12,10926.8,10926.8,INR
9.78903E+12,3453.11,3453.11,INR
9.78082E+12,,,
9.78112E+12,21852.42,21852.42,INR
9.78303E+12,13452,13452,INR
3030522717,,,
9.78147E+12,5491.72,5491.72,INR
9.78179E+12,886.17,443.08,INR
9.78132E+12,7285.32,7285.32,INR
9.78184E+12,886.17,443.08,INR
9.78149E+12,3764.2,3764.2,INR
9.78354E+12,,,
9.7816E+12,2596,2596,INR
9.7818E+12,886.17,443.08,INR
521032261,,,
9.78179E+12,1883.27,1883.27,INR
3642227430,11764.6,11764.6,INR
9.78008E+12,9347.96,9347.96,INR
3540354670,,,
9.78179E+12,886.17,623.99,INR
9.78112E+12,5823.3,5823.3,INR
9.78149E+12,3764.2,3764.2,INR
9.78052E+12,,,
9.78179E+12,886.17,443.08,INR
9.78332E+12,5888.2,5888.2,INR
9.78178E+12,997.09,498.54,INR
3030805980,,,
9.78172E+12,3508.13,3508.13,INR
9.7802E+12,3783.37,3783.37,INR
1803247339,,,
9.78303E+12,,,
9.78114E+12,,,
9.78163E+12,,,
9.7818E+12,1108.01,554,INR
9.78184E+12,4131.17,4131.17,INR
3642414907,,,
9.7818E+12,1108.01,554,INR
9.78303E+12,6726,6726,INR
9.78311E+12,11424.9,11424.9,INR
9.78939E+12,972.29,486.14,INR
9.78903E+12,3453.11,3453.11,INR
1530414830,,,
9.7802E+12,,,
9.781E+12,,,
354000307X,,,
1491913428,,,
787982369,,,
3540620044,,,
9.78019E+12,2662.49,2662.49,INR
3540419438,,,
9.78149E+12,3174.2,3174.2,INR
1473965004,,,
9.78303E+12,5546,5546,INR
9.78112E+12,,,
1783284676,,,
521896134,,,
9.78148E+12,,,
1138640077,,,
262100665,,,
9.78149E+12,,,
470864125,,,
9.78981E+12,9239.4,9239.4,INR
9.78366E+12,9664.2,9664.2,INR
9.78164E+12,2489.8,2489.8,INR
9.78939E+12,972.29,486.14,INR
9.7818E+12,1108.01,554,INR
9.78332E+12,14278,14278,INR
9.78148E+12,,,
9.78332E+12,10926.8,10926.8,INR
9.78112E+12,,,
9.78162E+12,,,
9.78149E+12,4425,4425,INR
9.78149E+12,2513.4,2513.4,INR
9.78111E+12,,,
9.78146E+12,10207,10207,INR
9.78303E+12,5038.6,5038.6,INR
9.78164E+12,2489.8,2489.8,INR
9.78132E+12,,,
9.78145E+12,,,
9.78164E+12,2489.8,2489.8,INR
1801077657,,,
9.78148E+12,,,
3662524937,,,
9.78039E+12,6726,6726,INR
9.78074E+12,,,
9.78184E+12,886.17,443.08,INR
3030562379,,,
9.78132E+12,11770.5,11770.5,INR
9.78332E+12,7139,7139,INR
9.78303E+12,4200.8,4200.8,INR
9.78354E+12,,,
9.78067E+12,,,
9.78939E+12,972.29,486.14,INR
521032261,,,
9.78303E+12,9239.4,9239.4,INR
9.78364E+12,,,
9.78929E+12,,,
9.78052E+12,,,
9.78939E+12,972.29,486.14,INR
9.78162E+12,,,
9.78149E+12,,,
9.78172E+12,7806.05,7806.05,INR
9.78148E+12,,,
9.78827E+12,390.03,273.02,INR
9.78354E+12,,,
9.7818E+12,997.09,498.54,INR
9.78149E+12,3764.2,3764.2,INR
9.78163E+12,,,
9.78162E+12,,,
1681737973,,,
3031010426,,,
9.78354E+12,,,
9.78303E+12,8401.6,8401.6,INR
9.78903E+12,10987.17,10987.17,INR
9.78163E+12,,,
9.78354E+12,5463.4,5463.4,INR
9.78903E+12,3453.11,3453.11,INR
9.78132E+12,4146.52,4146.52,INR
9.78114E+12,,,
9.78364E+12,,,
9.78354E+12,6726,6726,INR
9.78146E+12,21004,21004,INR
9.78112E+12,,,
9.7815E+12,15061.77,15061.77,INR
9.78354E+12,,,
3540620044,,,
9.78903E+12,,,
9.78178E+12,997.09,498.54,INR
9.78179E+12,,,
9.78303E+12,5711.2,5711.2,INR
9.78364E+12,,,
9.78164E+12,2960.62,2960.62,INR
1549617214,,,
9.7811E+12,,,
9.78147E+12,20931.84,20931.84,INR
9.78162E+12,,,
9.78149E+12,,,
9.78903E+12,12556.77,12556.77,INR
9.781E+12,,,
9.78332E+12,6726,6726,INR
UCAL:B4107152,,,
9.78149E+12,,,
079239416X,,,
9.78144E+12,,,
9.78903E+12,9417.57,9417.57,INR
9.78903E+12,10359.33,10359.33,INR
9.78053E+12,204.43,204.43,INR
9.78149E+12,2513.4,2513.4,INR
9.78335E+12,580.19,290.1,INR
9.78149E+12,4425,4425,INR
9.78026E+12,,,
9.78981E+12,4625.6,4625.6,INR
9.78043E+12,19057,19057,INR
3642339824,,,
9.78149E+12,,,
9.78039E+12,,,
UOM:39015023866083,,,
9.7816E+12,,,
9.78179E+12,1329.85,685.46,INR
9.78036E+12,,,
3642358276,,,
9.78149E+12,,,
9.78164E+12,2624.32,2624.32,INR
9.78903E+12,,,
9.78164E+12,2960.62,2960.62,INR
9.78332E+12,4200.8,4200.8,INR
9.78111E+12,,,
9.78112E+12,16025.58,16025.58,INR
9.78164E+12,1950.54,1950.54,INR
9.78026E+12,3414.68,3414.68,INR
3031794737,,,
3125179947,,,
9.78026E+12,9757.77,9757.77,INR
9.78164E+12,3095.14,3095.14,INR
3031007344,,,
9.78903E+12,12033.57,12033.57,INR
1790764165,,,
9.78164E+12,2960.62,2960.62,INR
UOM:39015032581681,,,
9.78903E+12,10359.33,10359.33,INR
9.78024E+12,1797.14,1797.14,INR
9.78903E+12,,,
9.78819E+12,,,
9.78185E+12,,,
9.78162E+12,,,
9.78112E+12,16025.58,16025.58,INR
9.78114E+12,,,
3319257889,,,
UOM:39015003731885,,,
9.78332E+12,3445.6,3445.6,INR
9401050414,,,
3319041746,,,
9.78981E+12,10926.8,10926.8,INR
331941335X,,,
9.78164E+12,2826.1,2826.1,INR
9.78303E+12,4200.8,4200.8,INR
9.78164E+12,2489.8,2489.8,INR
9.78164E+12,2489.8,2489.8,INR
9.78184E+12,,,
1489991824,,,
UCAL:B3678322,,,
9.78903E+12,,,
9.78079E+12,,,
3540609253,,,
UOM:39015014210051,,,
9.78303E+12,5711.2,5711.2,INR
9.78303E+12,2950,2950,INR
9.78148E+12,,,
3319142054,,,
1681733048,,,
9.78146E+12,2135.8,2135.8,INR
9.78364E+12,0,0,INR
UOM:39015024787544,,,
9.78332E+12,5050.4,5050.4,INR
1800563353,,,
9.78303E+12,4625.6,4625.6,INR
UCAL:B4372836,,,
9.7814E+12,12272,12272,INR
9.78163E+12,9677.37,9677.37,INR
9.78013E+12,10785.2,10785.2,INR
1484289307,,,
1003093450,,,
1484249461,,,
1681738139,,,
052142898X,,,
9.78164E+12,2489.8,2489.8,INR
9.78132E+12,,,
9.78163E+12,,,
3319136496,,,
9.78303E+12,6726,6726,INR
9.78149E+12,,,
9.78146E+12,9239.4,9239.4,INR
9048175208,,,
9.78019E+12,1372.78,686.39,INR
9811533563,,,
9401051607,,,
1444390554,10192.84,10192.84,INR
9.78191E+12,99,99,INR
3031010116,,,
9.78354E+12,,,
9.78112E+12,6114.76,6114.76,INR
9.78164E+12,3431.44,3431.44,INR
1484234499,,,
9.78903E+12,10987.17,10987.17,INR
1484262727,,,
9.78981E+12,27730,27730,INR
9.78303E+12,5888.2,5888.2,INR
9.78354E+12,10089,10089,INR
9.78981E+12,19352,19352,INR
9.78396E+12,3036,3036,INR
103208748X,,,
9.78135E+12,218595,218595,INR
9.781E+12,5301.71,5301.71,INR
9.78112E+12,,,
9.78145E+12,,,
123429013,,,
9.78981E+12,18526,18526,INR
9.78981E+12,18526,18526,INR
9.78019E+12,4624.13,4624.13,INR
1484287533,,,
9.78981E+12,4989.37,4989.37,INR
9.78311E+12,11424.9,11424.9,INR
511519850,,,
9811909636,,,
521023106,,,
3642383254,,,
3030686396,,,
9.78354E+12,9664.2,9664.2,INR
9.78111E+12,,,
9.78132E+12,4819.12,4819.12,INR
9.78981E+12,21004,21004,INR
1461455901,,,
9.78332E+12,6891.2,6891.2,INR
9.781E+12,,,
3319883712,,,
PKEY:6610000379057,327,228.9,INR
3662520060,,,
9.78193E+12,,,
3319358472,,,
9.78032E+12,10785.2,10785.2,INR
3030976440,,,
9.78052E+12,,,
9.78332E+12,15222,15222,INR
3540411453,,,
3540647902,,,
3030345173,,,
9.78981E+12,9239.4,9239.4,INR
1441951989,,,
9.78047E+12,,,
1579550258,,,
9.78981E+12,6301.2,6301.2,INR
3030302245,,,
1774636808,,,
3838397282,,,
9.78354E+12,,,
9.78013E+12,10785.2,10785.2,INR
1801819076,,,
444637443,,,
9.78981E+12,15222,15222,INR
9.78303E+12,13452,13452,INR
9.78006E+12,,,
UOM:39015021828234,,,
9.78303E+12,10926.8,10926.8,INR
1138412538,,,
9.78364E+12,,,
UOM:35128001638822,,,
9.78112E+12,16025.58,16025.58,INR
3031166264,,,
UOM:39015010414947,,,
UCSC:32106011828727,,,
1443860522,,,
1412996066,,,
UCSC:32106014183906,,,
UCAL:B4344291,,,
3037856548,,,
STANFORD:36105032879947,,,
3319537520,,,
1138715247,,,
UVA:X004908347,,,
3030338193,,,
613507363,,,
3642372244,,,
1521795789,,,
LCCN:40009155,,,
9.78149E+12,,,
9.78149E+12,,,
9.78112E+12,706.82,353.41,INR
9.78178E+12,1329.85,664.92,INR
9.78149E+12,,,
9.78112E+12,,,
9.78149E+12,,,
9.78149E+12,,,
9.78184E+12,775.25,387.62,INR
9.78043E+12,5491.72,5491.72,INR
9.78149E+12,,,
9.78179E+12,886.17,443.08,INR
9.781E+12,,,
9.78332E+12,3787.8,3787.8,INR
9.78159E+12,3117.79,1588.49,INR
9.78179E+12,997.09,498.54,INR
1801235171,,,
9.78145E+12,2950,1672.65,INR
9.78184E+12,775.25,387.62,INR
9.7818E+12,1108.01,554,INR
9.7818E+12,892.07,446.04,INR
9.78303E+12,4625.6,4625.6,INR
9.78179E+12,1108.01,554,INR
1784390151,,,
9.78164E+12,2489.8,2489.8,INR
9.78164E+12,2355.28,2355.28,INR
9.78164E+12,2960.62,2960.62,INR
9.78145E+12,2950,2950,INR
9.78179E+12,997.09,498.54,INR
9.78112E+12,,,
9.78148E+12,,,
1484277619,,,
9.781E+12,8966.82,8966.82,INR
9.78112E+12,4856.88,4856.88,INR
9.7815E+12,5940.12,5940.12,INR
9.781E+12,8836.86,8836.86,INR
9.7818E+12,1108.01,554,INR
9.78149E+12,,,
9.78149E+12,2725.8,2725.8,INR
9.78112E+12,,,
9.78112E+12,4856.88,4856.88,INR
9.78164E+12,1950.54,1950.54,INR
9.78149E+12,,,
9.78099E+12,1466.35,809.23,INR
149207294X,,,
9.78019E+12,,,
9.78148E+12,,,
9.7806E+12,,,
9.78149E+12,4425,4425,INR
9.78053E+12,204.43,204.43,INR
9.78148E+12,,,
1801131872,,,
9.78149E+12,1628.4,1628.4,INR
9386551934,,,
9.78164E+12,2355.28,2355.28,INR
9.78145E+12,2360,2360,INR
9.78112E+12,,,
9.78052E+12,,,
1734790148,,,
9.78149E+12,,,
9.78332E+12,4200.8,4200.8,INR
1633430030,,,
9.7806E+12,2360,2360,INR
9.78179E+12,665.51,332.76,INR
9.78162E+12,,,
9.78014E+12,,,
9.78145E+12,,,
9.78939E+12,972.29,486.14,INR
9.78168E+12,1840.8,1840.8,INR
9.78112E+12,,,
9.78145E+12,2065,1170.86,INR
9.78149E+12,4425,4425,INR
1913922448,,,
9.7818E+12,886.17,443.08,INR
9.78332E+12,5888.2,5888.2,INR
1977921752,,,
1733042687,,,
9.78145E+12,3540,2007.18,INR
9.78161E+12,11635.2,11635.2,INR
9.7809E+12,,,
1802350365,,,
9.78129E+12,,,
9.781E+12,,,
9.78179E+12,1108.01,554,INR
1733042644,,,
9.78184E+12,886.17,443.08,INR
9.781E+12,977.29,291.85,INR
9.7818E+12,886.17,443.08,INR
9.78149E+12,,,
9.78075E+12,,,
9.78143E+12,,,
9.78013E+12,,,
9.78013E+12,,,
367748436,,,
9.78148E+12,,,
9.78179E+12,1145.77,572.88,INR
9.78171E+12,,,
9.78168E+12,,,
1801779430,,,
9.78178E+12,1108.01,554,INR
9.7806E+12,,,
1800208936,,,
9.78112E+12,2358.82,2358.82,INR
9.78112E+12,824.82,412.41,INR
9.78039E+12,6726,6726,INR
9.78013E+12,,,
9.78149E+12,,,
1774691582,,,
9.78043E+12,,,
9.78145E+12,2360,2360,INR
1492093408,,,
9.78178E+12,997.09,498.54,INR
1654982199,,,
9.78024E+12,530.11,396.6,INR
9.78179E+12,886.17,443.08,INR
9.78026E+12,7806.05,7806.05,INR
9.78149E+12,3764.2,3764.2,INR
9.78179E+12,775.25,387.62,INR
9.78013E+12,2255.67,2255.67,INR
9.78179E+12,886.17,443.08,INR
9.7806E+12,,,
9.78047E+12,,,
9.78111E+12,,,
9.78132E+12,,,
1617295604,,,
9.78149E+12,,,
9.7814E+12,7670,7670,INR
9.78148E+12,,,
134398807,,,
9.78827E+12,390.03,273.02,INR
9.78172E+12,,,
1801779589,,,
9.78047E+12,,,
9.781E+12,,,
9.78142E+12,,,
1617291560,,,
9.78162E+12,,,
9.78172E+12,3508.13,3508.13,INR
9.78112E+12,588.82,294.41,INR
9.78168E+12,3417.15,3417.15,INR
9.78111E+12,,,
9.78026E+12,,,
9.78149E+12,3764.2,3764.2,INR
9.78148E+12,,,
9.78112E+12,,,
387947140,,,
9.78165E+12,80,80,INR
9811110689,,,
9.78146E+12,7139,7139,INR
9.78013E+12,2255.67,2255.67,INR
9.78148E+12,,,
3903331163,,,
9.78112E+12,,,
9.78149E+12,,,
9.78172E+12,2727.45,2727.45,INR
9.78111E+12,,,
1493938436,,,
9.78075E+12,,,
9.78013E+12,,,
9.78153E+12,9138.64,9138.64,INR
9.78159E+12,,,
9.78112E+12,3686.32,3686.32,INR
1492073059,,,
9.78148E+12,,,
9.78148E+12,,,
9.78178E+12,665.51,154.46,INR
9.78179E+12,886.17,443.08,INR
9.78039E+12,1270.24,635.12,INR
9.78149E+12,,,
9.78178E+12,2988.93,2988.93,INR
9.78146E+12,5463.4,5463.4,INR
9.78178E+12,997.09,498.54,INR
9.78112E+12,824.82,412.41,INR
9.78026E+12,9757.77,9757.77,INR
9.78164E+12,2960.62,2960.62,INR
9.78179E+12,997.09,498.54,INR
9.78145E+12,,,
9.78026E+12,,,
9.78149E+12,1628.4,1628.4,INR
9.78332E+12,5038.6,5038.6,INR
1801779503,,,
9.78178E+12,1108.01,554,INR
9.78178E+12,1108.01,554,INR
9.78149E+12,2725.8,2725.8,INR
9.7811E+12,,,
9.78159E+12,3117.79,3117.79,INR
9.7809E+12,,,
9.78303E+12,4790.8,4790.8,INR
1721242163,,,
9.78145E+12,,,
149209434X,,,
9.781E+12,5773.07,5773.07,INR
9.78043E+12,5940.12,5940.12,INR
1801131880,,,
9.78164E+12,2355.28,2355.28,INR
9.78159E+12,3117.79,3117.79,INR
9.78303E+12,5888.2,5888.2,INR
9.78149E+12,,,
367524686,,,
1492046442,,,
1914176421,,,
9.78111E+12,,,
9.78149E+12,,,
9.78148E+12,,,
9.78179E+12,997.09,498.54,INR
9.78149E+12,,,
9.78047E+12,,,
9.79835E+12,,,
9.78179E+12,886.17,695.09,INR
3030439836,,,
1491963042,,,
9.78149E+12,4425,4425,INR
1484234499,,,
3319457950,,,
9.78172E+12,2341.24,2341.24,INR
9.78179E+12,1019.51,509.76,INR
9.78112E+12,,,
1491989386,,,
9.78164E+12,1950.54,1950.54,INR
9.78112E+12,,,
1119669367,,,
1785887211,,,
9.78067E+12,2928.27,2928.27,INR
1484230116,,,
1784398632,,,
9.78151E+12,683.6,341.8,INR
9.78112E+12,,,
9.78112E+12,706.82,353.41,INR
9.78939E+12,972.29,486.14,INR
1484281209,,,
9.78164E+12,2960.62,2960.62,INR
1484268245,,,
9.78179E+12,775.25,387.62,INR
9.78179E+12,1108.01,554,INR
1492087912,,,
9.78179E+12,997.09,498.54,INR
9.78149E+12,2879.2,2879.2,INR
9.7818E+12,6877.01,6877.01,INR
9.7818E+12,775.25,387.62,INR
9.7818E+12,886.17,443.08,INR
9.78112E+12,,,
9.78164E+12,2489.8,2489.8,INR
9.78163E+12,9677.37,9677.37,INR
9.78179E+12,775.25,387.62,INR
1484262360,,,
9.78013E+12,,,
1492047546,,,
9.78043E+12,,,
1839213108,,,
9.7818E+12,1108.01,554,INR
9811977011,,,
3319013432,,,
180324836X,,,
9.781E+12,,,
9.78178E+12,,,
9811533563,,,
9.78179E+12,886.17,443.08,INR
9.78112E+12,6313,6313,INR
321797027,,,
9.78162E+12,,,
9.78939E+12,972.29,486.14,INR
9.7818E+12,775.25,387.62,INR
9.78164E+12,2960.62,2960.62,INR
9.78112E+12,3885.74,3885.74,INR
1783553294,,,
9.78145E+12,,,
9.78221E+12,2359.83,2359.83,INR
9.78179E+12,1108.01,554,INR
9.78179E+12,1108.01,554,INR
1801075549,,,
9.781E+12,,,
9.78179E+12,2214.85,2214.85,INR
9.78153E+12,3861.91,3861.91,INR
9.78112E+12,7667.64,7667.64,INR
1492041416,,,
9.7839E+12,,,
1789530792,,,
9.78179E+12,1108.01,554,INR
9.781E+12,5773.07,5773.07,INR
9.78149E+12,,,
9.78112E+12,588.82,294.41,INR
9.78332E+12,5463.4,5463.4,INR
9.78303E+12,0,0,INR
9.78303E+12,4625.6,4625.6,INR
1098111877,,,
9.7818E+12,36995.8,36995.8,INR
9.78112E+12,,,
9.78112E+12,,,
9.78939E+12,972.29,486.14,INR
9.78179E+12,886.17,443.08,INR
1138480452,,,
9.78184E+12,886.17,443.08,INR
9.78112E+12,6046.32,6046.32,INR
1785886606,,,
9.78112E+12,,,
303107565X,,,
9.78148E+12,,,
9.78179E+12,1108.01,554,INR
9.78162E+12,,,
9.78148E+12,,,
9.78179E+12,4199.47,4199.47,INR
1484250001,,,
1492061379,,,
9.78148E+12,,,
9811518157,,,
9.78179E+12,775.25,603.74,INR
9.78149E+12,3764.2,3764.2,INR
9.78013E+12,,,
9.78311E+12,8307.57,8307.57,INR
9.78939E+12,972.29,486.14,INR
1484258010,,,
1484251768,,,
9.7818E+12,997.09,498.54,INR
9.78148E+12,,,
9.78179E+12,997.09,498.54,INR
1400231043,,,
9.78179E+12,3691.03,456.97,INR
9.78179E+12,997.09,498.54,INR
9.7811E+12,,,
9.7818E+12,425938.52,425938.52,INR
9.78311E+12,5083.46,5083.46,INR
9.78179E+12,530.99,265.5,INR
1800568878,,,
9.78396E+12,2569,2569,INR
9.78112E+12,,,
3658335513,,,
032106920X,,,
3031046471,,,
3031004604,,,
1664151281,,,
9.78172E+12,,,
9.78939E+12,972.29,486.14,INR
9.78013E+12,4310.54,4310.54,INR
9.7818E+12,1108.01,554,INR
008102939X,,,
9.78939E+12,972.29,486.14,INR
9.78026E+12,,,
9.78178E+12,1108.01,554,INR
9.78013E+12,8628.16,8628.16,INR
9.781E+12,0,0,INR
1848829469,,,
9.78178E+12,997.09,498.54,INR
9.78303E+12,9664.2,9664.2,INR
9.78026E+12,5366.4,5366.4,INR
9.78149E+12,,,
9.78939E+12,972.29,486.14,INR
9.781E+12,0,0,INR
9.78149E+12,,,
9.78032E+12,8628.16,8628.16,INR
9.78178E+12,1108.01,554,INR
9.7818E+12,3163.57,3163.57,INR
9.78126E+12,8711.9,8711.9,INR
9.7811E+12,3764.2,3764.2,INR
9.78332E+12,15222,15222,INR
9.78353E+12,17967.86,17967.86,INR
9.78126E+12,2639.92,2639.92,INR
9.78126E+12,3432.06,3432.06,INR
9.78126E+12,13199.6,13199.6,INR
9.78126E+12,2464.26,2464.26,INR
9.78126E+12,4399.87,4399.87,INR
9.78112E+12,,,
UCSD:31822032531923,,,
UOM:39015064103875,,,
9.78126E+12,1759.95,1759.95,INR
9.78367E+12,3579.15,3579.15,INR
9.78367E+12,3855.32,3855.32,INR
72372400,,,
UCSD:31822036088763,,,
837957680,,,
UOM:39015058266233,,,
470849746,,,
STANFORD:36105122165249,,,
9.78126E+12,2444.37,2444.37,INR
9.78149E+12,,,
9.78112E+12,13009.5,13009.5,INR
1484226704,,,
9.78149E+12,2513.4,1425.1,INR
9.78148E+12,,,
9.781E+12,,,
9.78043E+12,,,
9.78332E+12,7563.8,7563.8,INR
9.78164E+12,2489.8,2489.8,INR
9.781E+12,,,
9.78112E+12,,,
9.781E+12,4819.12,4819.12,INR
9.78153E+12,,,
9.78148E+12,,,
9.78032E+12,10785.2,10785.2,INR
9.78179E+12,886.17,443.08,INR
9.78154E+12,7372.05,7372.05,INR
9.78135E+12,,,
9.78135E+12,,,
9.78179E+12,1218.93,609.46,INR
9.781E+12,13551.38,13551.38,INR
1138469297,,,
9.781E+12,,,
9.78149E+12,,,
9.781E+12,,,
9.781E+12,6724.82,6724.82,INR
9.78178E+12,1108.01,554,INR
9.78311E+12,8827.13,8827.13,INR
9.78178E+12,997.09,498.54,INR
9.78148E+12,,,
9.78148E+12,,,
9.78043E+12,5491.72,5491.72,INR
9.781E+12,8836.86,8836.86,INR
9.78159E+12,,,
9.78151E+12,,,
9.78043E+12,5940.12,5940.12,INR
9.78146E+12,7139,7139,INR
9.78133E+12,,,
1786466457,,,
9.78145E+12,2360,2360,INR
9.78163E+12,5374.67,5374.67,INR
9.78111E+12,,,
9.78013E+12,,,
9.78111E+12,,,
9.78014E+12,,,
9.78149E+12,,,
1484281543,,,
9.78149E+12,,,
9.78043E+12,,,
9.78149E+12,3174.2,3174.2,INR
9.78149E+12,,,
9.78179E+12,886.17,443.08,INR
9.78303E+12,5888.2,5888.2,INR
9.78111E+12,,,
9.7815E+12,,,
9.7815E+12,,,
1449396658,2360,2360,INR
9.781E+12,8836.86,8836.86,INR
9.78112E+12,,,
9.78013E+12,,,
9.78179E+12,997.09,498.54,INR
9.78145E+12,2065,1170.86,INR
9.78164E+12,2355.28,2355.28,INR
1558605762,,,
9.78178E+12,665.51,154.46,INR
9.78163E+12,,,
148422745X,,,
9.78149E+12,,,
9.78039E+12,9664.2,9664.2,INR
387989668,,,
9.78184E+12,4131.17,4131.17,INR
9.78179E+12,886.17,443.08,INR
9.78135E+12,2128.72,2128.72,INR
9.78043E+12,5043.32,5043.32,INR
9.78939E+12,972.29,486.14,INR
9.78043E+12,3249.72,3249.72,INR
9.78153E+12,3978.97,3978.97,INR
9.78148E+12,,,
149207294X,,,
9.78149E+12,2513.4,2513.4,INR
9.78112E+12,,,
9.78148E+12,,,
9.78145E+12,,,
9.78178E+12,1218.93,340.31,INR
9.78165E+12,80,80,INR
787982369,,,
9.78164E+12,2624.32,2624.32,INR
9.78112E+12,4856.88,4856.88,INR
9.78939E+12,972.29,486.14,INR
9.78112E+12,,,
3319120654,,,
9.78178E+12,1329.85,664.92,INR
9.78159E+12,4683.3,4683.3,INR
9.78179E+12,997.09,498.54,INR
9.78112E+12,,,
1138088633,,,
9.78019E+12,812.5,406.25,INR
9.78153E+12,3978.97,3978.97,INR
9388274997,,,
9.78112E+12,,,
9.78332E+12,5038.6,5038.6,INR
311056467X,,,
133886557,,,
9.78149E+12,,,
9.78148E+12,,,
9.78159E+12,,,
367748436,,,
9.78043E+12,,,
9.78149E+12,,,
1484245105,,,
9.78178E+12,997.09,498.54,INR
9.78145E+12,6789.35,6789.35,INR
9.78043E+12,4819.12,4819.12,INR
190656220,,,
9.78332E+12,5888.2,5888.2,INR
9.78915E+12,,,
9.78164E+12,3095.14,3095.14,INR
1484229185,,,
9.78112E+12,,,
9.78039E+12,5038.6,5038.6,INR
9.78146E+12,,,
9.78112E+12,2358.82,2358.82,INR
9.78179E+12,1108.01,554,INR
9.78148E+12,,,
9.78145E+12,2065,2065,INR
9.781E+12,5491.72,5491.72,INR
152979045X,,,
9.78135E+12,,,
1526449366,,,
9.78303E+12,9239.4,9239.4,INR
9.78179E+12,1108.01,554,INR
9.78112E+12,824.82,412.41,INR
1138381446,,,
9.78159E+12,,,
9.78069E+12,3221.4,3221.4,INR
9.781E+12,5773.07,5773.07,INR
9.78013E+12,2255.67,2255.67,INR
9.79857E+12,,,
9.78332E+12,6726,6726,INR
9.78052E+12,,,
1784390151,,,
9.78179E+12,1145.77,572.88,INR
1498775675,,,
9.78179E+12,1993.01,1993.01,INR
9.78112E+12,588.82,294.41,INR
9.7818E+12,886.17,443.08,INR
9.78162E+12,,,
9.78012E+12,5676.98,5676.98,INR
9.78149E+12,,,
9.781E+12,5491.72,5491.72,INR
9.78112E+12,824.82,412.41,INR
1617291560,,,
367818892,,,
9.78135E+12,5043.32,5043.32,INR
9.78039E+12,5038.6,5038.6,INR
111844714X,,,
9.7815E+12,,,
9.78135E+12,5043.32,5043.32,INR
1461478995,,,
9.78026E+12,7806.05,7806.05,INR
9.78074E+12,,,
9.78026E+12,,,
9.78131E+12,,,
9.78112E+12,,,
9.78148E+12,,,
9.78053E+12,204.43,204.43,INR
9.78111E+12,,,
9.78147E+12,3627.8,3627.8,INR
9.78107E+12,2835.47,2835.47,INR
9.78179E+12,1108.01,554,INR
9.78135E+12,6388.52,6388.52,INR
9.78153E+12,4798.37,4798.37,INR
9.78145E+12,2360,2360,INR
9.781E+12,9303.12,9303.12,INR
9.78013E+12,,,
9.78149E+12,2725.8,2725.8,INR
9.781E+12,,,
9.78149E+12,,,
9.78145E+12,2950,1672.65,INR
9.78145E+12,2360,2360,INR
9.78112E+12,,,
792348400,,,
9.79822E+12,1850.86,1850.86,INR
9.78148E+12,,,
9.78164E+12,1950.54,1950.54,INR
1493938436,,,
1484287797,,,
1785286544,,,
9.78179E+12,,,
9.78149E+12,,,
9.78149E+12,,,
9.78179E+12,2105.11,2105.11,INR
9.78179E+12,2293.91,2293.91,INR
9.78164E+12,2355.28,2355.28,INR
9.78153E+12,,,
9.78179E+12,1993.01,1993.01,INR
9.781E+12,,,
9.7806E+12,,,
9.78179E+12,1145.77,528.76,INR
9.78159E+12,,,
9.781E+12,,,
9.78043E+12,6388.52,6388.52,INR
9.78164E+12,2624.32,2624.32,INR
9.78149E+12,3764.2,3764.2,INR
135258529,,,
1685549594,,,
1492093408,,,
9.78112E+12,4074.54,4074.54,INR
9.78146E+12,7139,7139,INR
3031133382,,,
3319457950,,,
9.78149E+12,3764.2,3764.2,INR
9386551934,,,
1499684851,,,
367738198,,,
9.78145E+12,,,
133991024,,,
1519514212,,,
9.78128E+12,,,
1461476178,,,
692057846,,,
1549617214,,,
1735431109,,,
1484262360,,,
9.78036E+12,,,
9.781E+12,,,
9.78981E+12,4790.8,4790.8,INR
9.78148E+12,,,
3030490904,,,
9.781E+12,,,
9.78036E+12,,,
9.78981E+12,5463.4,5463.4,INR
9.78179E+12,1771.17,1771.17,INR
9.78179E+12,886.17,443.08,INR
9.78145E+12,,,
1526486768,,,
9.78112E+12,11163.98,11163.98,INR
9.78112E+12,12524.52,12524.52,INR
9.781E+12,5043.32,5043.32,INR
013454692X,,,
9.78311E+12,8827.13,8827.13,INR
9.78135E+12,5603.82,5603.82,INR
9.78163E+12,9677.37,9677.37,INR
9.781E+12,,,
393138151,,,
9.78332E+12,10926.8,10926.8,INR
178216328X,,,
9.78923E+12,,,
1800560478,,,
9.78179E+12,886.17,443.08,INR
367608863,,,
9.78178E+12,665.51,332.76,INR
9.78164E+12,2489.8,2489.8,INR
9.78112E+12,5828.02,5828.02,INR
9.78148E+12,,,
3030575918,,,
9.78935E+12,,,
1138480452,,,
981156132X,,,
9.78178E+12,775.25,387.62,INR
9.78112E+12,,,
9.78049E+12,1540.16,1540.16,INR
9.78179E+12,997.09,498.54,INR
9.781E+12,,,
9.78184E+12,1108.01,554,INR
3030598918,,,
9.7815E+12,7286.5,7286.5,INR
9.78109E+12,,,
9.781E+12,3416.3,3416.3,INR
9.78111E+12,,,
387773169,,,
9.78112E+12,,,
9.78149E+12,2513.4,2513.4,INR
9.78179E+12,886.17,443.08,INR
9.78148E+12,,,
9.7809E+12,,,
9.78148E+12,,,
9.78112E+12,,,
3030870227,,,
367524686,,,
9.78178E+12,886.17,443.08,INR
1734113707,,,
9.781E+12,4146.52,4146.52,INR
9.78149E+12,5888.2,5888.2,INR
9.78112E+12,470.82,329.57,INR
9.78013E+12,,,
9048175208,,,
1032354550,,,
9.78019E+12,1372.78,686.39,INR
9.78178E+12,,,
036762429X,,,
9.78112E+12,9712.58,9712.58,INR
9.781E+12,5301.71,5301.71,INR
148423524X,,,
9811533563,,,
9.78007E+12,2199.93,2199.93,INR
367618567,,,
9.78178E+12,4108.9,4108.9,INR
9.78112E+12,,,
1788624149,,,
1617294594,,,
9.78013E+12,,,
9.78013E+12,,,
UOM:39015015729216,,,
9.78107E+12,,,
9.78303E+12,4790.8,4790.8,INR
9.78184E+12,997.09,498.54,INR
1491922613,,,
9.781E+12,,,
133886433,,,
9.78179E+12,2214.85,2214.85,INR
1484242459,,,
109813494X,,,
995529523,,,
3031142357,,,
1461455901,,,
996916032,,,
367571668,,,
3030497194,,,
9.78153E+12,,,
036757568X,,,
9.78198E+12,3089.9,3089.9,INR
9.781E+12,8836.86,8836.86,INR
303041888X,,,
9.78303E+12,12626,12626,INR
321867955,,,
1461471370,,,
3031004604,,,
9.78135E+12,2600,2600,INR
9.78112E+12,,,
9.781E+12,,,
UCAL:B4282287,,,
UCSD:31822032277600,,,
UOM:39015029885772,,,
UOM:39015024192067,,,
UOM:39015017938450,,,
UOM:39015009380604,,,
9.78126E+12,,,
768921554,,,
UOM:39015009811004,,,
OSU:32435019744671,,,
9.78112E+12,4856.88,4856.88,INR
9.78303E+12,4625.6,4625.6,INR
1119669367,,,
9.78149E+12,3174.2,3174.2,INR
9.78179E+12,775.25,603.74,INR
9.78047E+12,,,
9.78149E+12,,,
9.78149E+12,,,
9.78148E+12,,,
9.7806E+12,,,
9.78149E+12,,,
9.78179E+12,997.09,498.54,INR
9.78112E+12,13009.5,13009.5,INR
9.78148E+12,,,
9.78159E+12,,,
9.78149E+12,2135.8,2135.8,INR
9.78179E+12,1218.93,609.46,INR
9.78149E+12,,,
9.78164E+12,1950.54,1950.54,INR
9.78145E+12,0,0,INR
9.78149E+12,,,
9.78149E+12,,,
9.78164E+12,2355.28,2355.28,INR
9.78013E+12,,,
9.78112E+12,,,
9.78112E+12,,,
9.78145E+12,,,
9.78149E+12,4425,4425,INR
9.78099E+12,1466.35,809.23,INR
9.78149E+12,,,
9.78172E+12,3121.93,3121.93,INR
9.78149E+12,,,
9.781E+12,,,
1558605762,,,
9.78053E+12,204.43,204.43,INR
9.78112E+12,4856.88,4856.88,INR
9.78112E+12,3885.74,3885.74,INR
9.78013E+12,,,
9.78151E+12,2882.25,2882.25,INR
9.78145E+12,,,
9.78184E+12,886.17,443.08,INR
9.7806E+12,,,
9.78145E+12,2360,2360,INR
9.78195E+12,976.74,488.37,INR
9.78112E+12,,,
9.78013E+12,,,
9.78146E+12,,,
9.78112E+12,3686.32,3686.32,INR
9.781E+12,,,
9.78112E+12,,,
UOM:39015034891690,,,
9.781E+12,,,
9.78163E+12,4396.55,4396.55,INR
9.78145E+12,2655,2655,INR
1572229160,,,
9.78014E+12,1657.69,1657.69,INR
9.78145E+12,2950,1672.65,INR
9.7806E+12,,,
9.7806E+12,,,
9.78162E+12,,,
9.78173E+12,316.24,221.37,INR
9.78178E+12,1108.01,554,INR
9.78112E+12,,,
9.78148E+12,,,
9.78047E+12,,,
9.78184E+12,886.17,456.97,INR
1727287320,,,
9.78112E+12,2358.82,2358.82,INR
1634629663,,,
9.78149E+12,,,
9.78179E+12,886.17,443.08,INR
9.78164E+12,2355.28,2355.28,INR
9.78179E+12,1108.01,554,INR
9.78145E+12,,,
9.78145E+12,3540,2007.18,INR
9.78164E+12,1883.28,1883.28,INR
9.78149E+12,,,
1540422658,,,
9.78146E+12,977.29,488.64,INR
9.78179E+12,886.17,443.08,INR
9.78145E+12,2360,2360,INR
9.78178E+12,1329.85,664.92,INR
9.78163E+12,2761.19,1565.59,INR
9.78159E+12,3117.79,1588.49,INR
9.78153E+12,9138.64,9138.64,INR
9.78013E+12,,,
9386551934,,,
9.78145E+12,2065,2065,INR
1617291560,,,
9.78112E+12,,,
9.78013E+12,,,
9.78179E+12,1329.85,664.92,INR
9.78148E+12,,,
9.78014E+12,,,
9.78149E+12,2513.4,2513.4,INR
9.78039E+12,4790.8,4790.8,INR
9.78151E+12,2720.77,2720.77,INR
9.7818E+12,892.07,446.04,INR
9.78939E+12,972.29,486.14,INR
9.78013E+12,,,
9.78332E+12,10926.8,10926.8,INR
9.78082E+12,,,
1720283842,,,
9.78142E+12,,,
1977921752,,,
80491685,4526.48,4526.48,INR
9.78039E+12,,,
3030439836,,,
9.78112E+12,824.82,412.41,INR
9.78111E+12,,,
9.78162E+12,,,
9.78026E+12,,,
9.78145E+12,,,
9.78149E+12,,,
9.78006E+12,,,
9.78111E+12,,,
9.78179E+12,1329.85,664.92,INR
9.78111E+12,,,
9.78303E+12,5888.2,5888.2,INR
9.79858E+12,0,0,INR
9.78081E+12,1432.65,716.32,INR
9.78075E+12,,,
9.78112E+12,824.82,412.41,INR
1493938436,,,
9.78149E+12,1628.4,1628.4,INR
9.78939E+12,1037.22,518.61,INR
148425984X,,,
9.78145E+12,2065,1170.86,INR
9.78145E+12,560.78,280.39,INR
9.78112E+12,588.82,294.41,INR
9.78149E+12,3764.2,3764.2,INR
8131707490,,,
9.78168E+12,,,
9.78179E+12,997.09,498.54,INR
9.78026E+12,7806.05,7806.05,INR
9.78047E+12,,,
9.78111E+12,,,
9.78149E+12,3764.2,3764.2,INR
9.78303E+12,11764.6,11764.6,INR
1721242163,,,
1484249062,,,
9.78179E+12,1108.01,554,INR
9.78146E+12,7139,7139,INR
9.78179E+12,1218.93,609.46,INR
9.78147E+12,,,
9.78163E+12,2712.82,2712.82,INR
9.78013E+12,2255.67,2255.67,INR
9.78179E+12,1218.93,609.46,INR
9.78013E+12,2061.17,1329.77,INR
9.78014E+12,,,
9.78149E+12,,,
9.78052E+12,,,
134872983,,,
9.78013E+12,,,
1506094384,,,
1484230531,,,
9.78149E+12,1923.4,1923.4,INR
9.78149E+12,,,
9.78026E+12,9757.77,9757.77,INR
9.78006E+12,1382.93,691.46,INR
1492086002,,,
9.78178E+12,997.09,498.54,INR
1500789240,,,
9.78149E+12,,,
9.78185E+12,400.02,280.01,INR
9.78111E+12,,,
9.78163E+12,4396.55,4396.55,INR
9.78149E+12,,,
9.78001E+12,379.5,265.65,INR
9.78168E+12,3020.8,3020.8,INR
9.78164E+12,2355.28,2355.28,INR
9.78151E+12,,,
9.78145E+12,,,
9.78039E+12,1270.24,635.12,INR
149209434X,,,
9.78149E+12,2513.4,2513.4,INR
9.78185E+12,442.5,309.75,INR
9.78112E+12,3885.74,3885.74,INR
9.78163E+12,9677.37,9677.37,INR
9.78162E+12,,,
1787283577,,,
9.7818E+12,886.17,443.08,INR
9.7818E+12,6877.01,6877.01,INR
9.78149E+12,2879.2,2879.2,INR
9811518157,,,
9.78149E+12,1628.4,1628.4,INR
9.78164E+12,2489.8,2489.8,INR
71592555,,,
9.78939E+12,972.29,486.14,INR
9.7818E+12,425938.52,425938.52,INR
9.78112E+12,6046.32,6046.32,INR
1484222466,,,
9.78164E+12,2960.62,2960.62,INR
9.78148E+12,,,
9.7818E+12,1108.01,554,INR
1394181035,,,
9.78149E+12,4425,4425,INR
9.78149E+12,,,
9.78085E+12,,,
9.78058E+12,1953.46,1953.46,INR
9.78179E+12,,,
321867955,,,
9.78111E+12,,,
9.78164E+12,2960.62,2960.62,INR
9.7818E+12,997.09,498.54,INR
9.78939E+12,972.29,486.14,INR
9.78163E+12,2929.38,2929.38,INR
9.78043E+12,5491.72,5491.72,INR
9.78149E+12,,,
9.78112E+12,9028.18,9028.18,INR
9.78112E+12,7279.42,7279.42,INR
9.7811E+12,,,
9.78148E+12,,,
1587144387,,,
032106920X,,,
9.79868E+12,,,
9.7818E+12,36995.8,36995.8,INR
9.78112E+12,706.82,353.41,INR
9.78112E+12,7279.42,7279.42,INR
9.78112E+12,,,
9.78939E+12,972.29,486.14,INR
9.78148E+12,,,
596516495,,,
9.78013E+12,,,
9.78168E+12,3417.15,3417.15,INR
1138480452,,,
9.78162E+12,,,
9.78179E+12,886.17,443.08,INR
3030497194,,,
9.78168E+12,3417.15,3417.15,INR
9.7818E+12,,,
9.781E+12,5066.04,5066.04,INR
9.78168E+12,3906.02,3906.02,INR
9.78148E+12,,,
9.78179E+12,1108.01,554,INR
9.78112E+12,588.82,294.41,INR
9.78145E+12,,,
9.78112E+12,13592.42,13592.42,INR
9.78112E+12,23309.72,23309.72,INR
9.78154E+12,7372.05,7372.05,INR
996025537,,,
9.7815E+12,,,
9.78007E+12,,,
1491907339,,,
9.78303E+12,4200.8,4200.8,INR
470388137,,,
PKEY:6610000095711,284,198.8,INR
1484258282,,,
9.78043E+12,,,
9.78936E+12,848.42,424.21,INR
3031004604,,,
9.781E+12,2801.32,2801.32,INR
1482234815,,,
9.78179E+12,1993.01,1993.01,INR
9.79857E+12,,,
9.78332E+12,7563.8,7563.8,INR
9.78179E+12,,,
9.78179E+12,997.09,498.54,INR
9.7818E+12,997.09,498.54,INR
9.78013E+12,2552.49,2552.49,INR
9.78939E+12,972.29,486.14,INR
9.78332E+12,4625.6,4625.6,INR
9.78014E+12,2521.45,2521.45,INR
9.78936E+12,754.02,377.01,INR
9.7811E+12,,,
9.78071E+12,,,
9.78026E+12,,,
9.78179E+12,1218.93,609.46,INR
9.78303E+12,6301.2,6301.2,INR
9.78145E+12,,,
9.78111E+12,,,
9.78149E+12,2879.2,2879.2,INR
9.78148E+12,,,
9.7811E+12,,,
9.78112E+12,,,
9.78014E+12,,,
9.78332E+12,6726,6726,INR
9.78112E+12,2427.26,2427.26,INR
9.78179E+12,1108.01,554,INR
9.78149E+12,,,
9.78149E+12,4425,4425,INR
9.78036E+12,,,
9.78013E+12,8628.16,8628.16,INR
9.781E+12,6388.52,6388.52,INR
9.78179E+12,1108.01,554,INR
1786466457,,,
9.78135E+12,4816,4816,INR
9.78013E+12,2601.42,2601.42,INR
1484273826,,,
9.78303E+12,4625.6,4625.6,INR
9.78332E+12,5038.6,5038.6,INR
9.78149E+12,,,
9.78152E+12,55006.92,55006.92,INR
9.7818E+12,1108.01,554,INR
1484266056,,,
9.78153E+12,,,
9.78179E+12,1218.93,609.46,INR
9.78936E+12,848.42,424.21,INR
9.7818E+12,3163.57,3163.57,INR
9.78112E+12,,,
1937842479,,,
9.78149E+12,2135.8,2135.8,INR
9.78179E+12,1218.93,609.46,INR
9.78366E+12,,,
9.78184E+12,530.99,399.99,INR
9.7818E+12,997.09,498.54,INR
9.78155E+12,,,
9.7811E+12,3764.2,3764.2,INR
9.7811E+12,4425,4425,INR
1484270606,,,
9.7811E+12,,,
9.78148E+12,,,
9.7818E+12,997.09,498.54,INR
1484257804,,,
9.7818E+12,997.09,498.54,INR
9.78179E+12,1108.01,554,INR
9.7818E+12,1108.01,554,INR
9.78112E+12,,,
9.78939E+12,972.29,486.14,INR
9.7818E+12,886.17,443.08,INR
9.78148E+12,,,
9.78112E+12,,,
9.78179E+12,997.09,498.54,INR
9.7811E+12,,,
9.78332E+12,23600,23600,INR
9.78148E+12,,,
9.78126E+12,5279.84,5279.84,INR
9.781E+12,7733.72,7733.72,INR
1664151281,,,
9.79885E+12,,,
9.78164E+12,,,
9.78112E+12,,,
1839213108,,,
9.78184E+12,997.09,498.54,INR
9.78013E+12,,,
9.781E+12,5301.71,5301.71,INR
1801071039,,,
9.78179E+12,665.51,332.76,INR
9.7818E+12,997.09,498.54,INR
9.78013E+12,,,
9.78126E+12,6159.81,6159.81,INR
9.78179E+12,2214.85,2214.85,INR
9.78074E+12,0,0,INR
9.78012E+12,3591.92,3591.92,INR
9.78939E+12,972.29,486.14,INR
9.7818E+12,997.09,498.54,INR
1789809711,,,
9.78149E+12,2513.4,2513.4,INR
9.78148E+12,,,
9.78112E+12,,,
9.78936E+12,942.82,471.41,INR
9.78074E+12,0,0,INR
9.78112E+12,470.82,329.57,INR
9.7811E+12,4425,4425,INR
9.78007E+12,4399.87,4399.87,INR
1493965735,,,
9.78126E+12,4399.87,4399.87,INR
9.78179E+12,997.09,498.54,INR
1484265750,,,
9.78007E+12,7479.77,7479.77,INR
9.78112E+12,,,
148424334X,,,
9.78126E+12,8711.9,8711.9,INR
9.78149E+12,3764.2,3764.2,INR
9.78179E+12,886.17,443.08,INR
9.78126E+12,3432.06,3432.06,INR
9.78179E+12,1883.27,1883.27,INR
1484221427,,,
9.78007E+12,,,
9.78014E+12,,,
9.7821E+12,,,
9.7811E+12,3764.2,3764.2,INR
9.78179E+12,665.51,345.14,INR
9.78013E+12,,,
1492093327,,,
9.78126E+12,9679.71,9679.71,INR
9.78149E+12,3174.2,3174.2,INR
9.78007E+12,,,
9.78013E+12,,,
9.78126E+12,3910.99,3910.99,INR
9.78179E+12,1108.01,554,INR
9.78147E+12,32614.72,32614.72,INR
9.78143E+12,,,
9.78179E+12,2214.85,2214.85,INR
9.78303E+12,15222,15222,INR
9.78007E+12,5279.84,5279.84,INR
9.78179E+12,1108.01,554,INR
9.78007E+12,,,
1430232285,,,
9.78031E+12,,,
9.78145E+12,2065,2065,INR
9.78939E+12,590,295,INR
9.78354E+12,5463.4,5463.4,INR
9.78008E+12,6324.8,6324.8,INR
9.78112E+12,,,
9.78373E+12,0,0,INR
9.78099E+12,0,0,INR
9.7818E+12,1108.01,554,INR
9.78145E+12,2950,2950,INR
72253649,,,
UCSD:31822035542547,,,
9.78162E+12,972.78,486.39,INR
9.78332E+12,8401.6,8401.6,INR
9.78149E+12,,,
9.78179E+12,886.17,443.08,INR
303010530X,,,
9.78981E+12,18526,18526,INR
9.78043E+12,5940.12,5940.12,INR
9.781E+12,8836.86,8836.86,INR
9.78981E+12,5711.2,5711.2,INR
9.78332E+12,5463.4,5463.4,INR
9.78147E+12,11208.82,11208.82,INR
9.78303E+12,7563.8,7563.8,INR
9.78149E+12,,,
9.781E+12,6724.82,6724.82,INR
9.78112E+12,13009.5,13009.5,INR
9.78332E+12,5038.6,5038.6,INR
9.781E+12,8966.82,8966.82,INR
1119561078,,,
149207294X,,,
9.7806E+12,,,
9.78111E+12,,,
9.78981E+12,8401.6,8401.6,INR
1499684851,,,
9.78013E+12,,,
303086135X,,,
9.78112E+12,3885.74,3885.74,INR
9.78111E+12,,,
9.78144E+12,,,
9.78145E+12,2360,2360,INR
9.78149E+12,1770,1770,INR
9.78981E+12,,,
9.78145E+12,,,
9.78049E+12,2409.26,2409.26,INR
9.781E+12,,,
9.78146E+12,5463.4,5463.4,INR
9.78154E+12,,,
9.78195E+12,2031.95,2031.95,INR
9.78184E+12,886.17,443.08,INR
9.78149E+12,,,
9.78332E+12,4200.8,4200.8,INR
9.78032E+12,4099.32,4099.32,INR
9.78304E+12,,,
9.78043E+12,,,
9.78111E+12,,,
9.781E+12,,,
9.78013E+12,9347.96,9347.96,INR
9.78111E+12,,,
9.78148E+12,,,
9.78303E+12,4625.6,4625.6,INR
9.78149E+12,,,
9.7818E+12,,,
9.78149E+12,,,
9.78303E+12,7563.8,7563.8,INR
367748436,,,
3319461605,,,
9.78114E+12,,,
9.78149E+12,,,
9.78112E+12,,,
9.78163E+12,,,
9.78111E+12,,,
9.78031E+12,,,
9.78126E+12,3432.06,3432.06,INR
9.78149E+12,,,
9.78039E+12,4790.8,4790.8,INR
1466510846,,,
9.78112E+12,470.82,329.57,INR
3319557076,,,
9.78039E+12,1270.24,635.12,INR
9.78111E+12,,,
1617291560,,,
9.78026E+12,,,
9.78151E+12,739.86,369.93,INR
9.78184E+12,4131.17,4131.17,INR
387947140,,,
9.78149E+12,,,
9.78145E+12,2065,1170.86,INR
471705632,,,
3030861325,,,
9.78148E+12,,,
9.78112E+12,4856.88,4856.88,INR
9.78112E+12,,,
495109665,,,
9.78443E+12,7316,7316,INR
9.78112E+12,931.02,465.51,INR
9.78039E+12,6726,6726,INR
9.7815E+12,,,
787982369,,,
9.78178E+12,1108.01,554,INR
172964239X,,,
9.78026E+12,,,
9.78135E+12,,,
471172758,,,
9.78145E+12,2950,1672.65,INR
9.78069E+12,,,
9.7815E+12,,,
9.78112E+12,588.82,294.41,INR
9.7806E+12,,,
9.78147E+12,1061.11,530.56,INR
1493938436,,,
9.78112E+12,,,
9.78303E+12,14278,14278,INR
9.78148E+12,16874,16874,INR
1305115341,,,
9.78149E+12,3764.2,3764.2,INR
9.78179E+12,997.09,498.54,INR
9.78082E+12,5038.6,5038.6,INR
367381893,,,
521864496,,,
3030598888,,,
9.7811E+12,,,
9.78303E+12,11764.6,11764.6,INR
9.78886E+12,,,
9.78886E+12,,,
9.78178E+12,1218.93,609.46,INR
9.78149E+12,,,
9.78132E+12,5043.32,5043.32,INR
9.78332E+12,3787.8,3787.8,INR
9.78164E+12,2489.8,2489.8,INR
9.78159E+12,,,
547132492,,,
9.78332E+12,9239.4,9239.4,INR
3319457950,,,
9.78135E+12,5043.32,5043.32,INR
3540687351,,,
9.7815E+12,3138.8,3138.8,INR
9.78159E+12,,,
9.78145E+12,2360,2360,INR
9.78149E+12,4425,4425,INR
9.78149E+12,1250.8,625.4,INR
3031004604,,,
1138445746,,,
9.78114E+12,,,
9.78162E+12,,,
9.78149E+12,,,
9.78052E+12,,,
9.78145E+12,6789.35,6789.35,INR
9.781E+12,5773.07,5773.07,INR
1493951734,,,
9.78184E+12,775.25,387.62,INR
9.78178E+12,997.09,498.54,INR
9.78031E+12,3616.84,3616.84,INR
3319694154,,,
9.78112E+12,,,
9.78146E+12,7563.8,7563.8,INR
9.78112E+12,824.82,412.41,INR
9.781E+12,8836.86,8836.86,INR
9.78112E+12,2358.82,2358.82,INR
9.78013E+12,11863.72,11863.72,INR
9.78179E+12,886.17,443.08,INR
9.78939E+12,942.82,471.41,INR
9.78139E+12,,,
1119863376,,,
9.781E+12,,,
9.78303E+12,4200.8,4200.8,INR
9.78111E+12,,,
9.78163E+12,2712.82,2712.82,INR
9.78112E+12,13645.52,13645.52,INR
471345059,,,
9.78179E+12,886.17,443.08,INR
9.78112E+12,14563.56,14563.56,INR
9.78081E+12,1023.32,511.66,INR
1305269470,,,
9.78144E+12,,,
9.78019E+12,251.89,176.32,INR
9.78006E+12,1382.93,691.46,INR
9.78039E+12,,,
1735431109,,,
9.78026E+12,7806.05,7806.05,INR
9.78047E+12,12820.7,12820.7,INR
9811517371,,,
9.78099E+12,2933.52,2933.52,INR
9.78145E+12,2360,2360,INR
9.78303E+12,14278,14278,INR
9.78151E+12,7372.05,5754.15,INR
1139467042,,,
9.78935E+12,,,
9.7818E+12,9261.6,9261.6,INR
9.7806E+12,,,
9.78112E+12,,,
9.78148E+12,,,
9.78111E+12,,,
9.78159E+12,,,
980232775,,,
3319000314,,,
9.78047E+12,18934.28,18934.28,INR
9.78168E+12,,,
9.78006E+12,1537.05,1537.05,INR
1584882476,,,
9.781E+12,,,
9.78981E+12,12626,12626,INR
9.78303E+12,4625.6,4625.6,INR
9.78164E+12,2355.28,2355.28,INR
9386551934,,,
9.78026E+12,11221.56,11221.56,INR
9.78163E+12,4396.55,4396.55,INR
9.7806E+12,2360,2360,INR
9.78159E+12,,,
9.78069E+12,,,
9.78149E+12,,,
1457309327,,,
3319692380,,,
1260452778,,,
9.78144E+12,,,
9.78159E+12,,,
3030439836,,,
1616100362,,,
9.78112E+12,,,
9.78178E+12,3912.47,3912.47,INR
1532989687,,,
9.78112E+12,13330.46,13330.46,INR
9.781E+12,,,
9.7802E+12,,,
9.78179E+12,6848.16,6848.16,INR
9.78026E+12,,,
9.78012E+12,5748.96,5748.96,INR
9.78069E+12,,,
UOM:39015015729216,,,
367568594,,,
3031071549,,,
3319991418,,,
9.78039E+12,,,
144712572X,,,
9.78112E+12,13592.42,13592.42,INR
9.78112E+12,,,
470723556,20711.36,20711.36,INR
9.78112E+12,12524.52,12524.52,INR
1802164448,,,
9.78179E+12,1108.01,554,INR
805071342,,,
393138151,,,
9.78179E+12,1145.77,572.88,INR
9.78179E+12,,,
9.78178E+12,997.09,498.54,INR
9.78303E+12,5038.6,5038.6,INR
9.78112E+12,,,
471226181,,,
9.78111E+12,,,
1526449366,,,
9.78179E+12,1771.17,1771.17,INR
995529523,,,
9.78112E+12,1132.8,566.4,INR
9.78112E+12,,,
194505123X,,,
3319803239,,,
3030754596,,,
9.78332E+12,10089,10089,INR
996916059,,,
9.78148E+12,,,
3527410589,,,
387759352,,,
471360910,,,
9.78179E+12,1108.01,554,INR
149394018X,,,
9.78939E+12,972.29,486.14,INR
9.78148E+12,,,
817640312,,,
9.78112E+12,21221.12,21221.12,INR
3030185478,,,
9.78354E+12,13924,13924,INR
1786345390,,,
9.78303E+12,10089,10089,INR
9.78148E+12,5246.28,5246.28,INR
9.78364E+12,10926.8,10926.8,INR
9.78303E+12,4200.8,4200.8,INR
9.78111E+12,,,
9.78047E+12,22628.86,22628.86,INR
9.78147E+12,5043.32,5043.32,INR
1955786380,,,
1461293715,,,
1484234944,,,
008102939X,,,
9.78112E+12,11553.38,11553.38,INR
1441996338,,,
9.78039E+12,,,
9.78129E+12,,,
9811533563,,,
1498707637,,,
3319560700,,,
052180356X,,,
1484222555,,,
387245448,,,
9.78132E+12,6388.52,6388.52,INR
1493945483,,,
9048166195,,,
9.78303E+12,11764.6,11764.6,INR
471372153,,,
9.78332E+12,10926.8,10926.8,INR
470552646,,,
1787285650,,,
9.78031E+12,1465.79,732.9,INR
9.78168E+12,,,
9.78332E+12,9239.4,9239.4,INR
9.78112E+12,706.82,353.41,INR
9.78148E+12,,,
9.78031E+12,4007.94,4007.94,INR
486646661,,,
9.78112E+12,,,
9.7818E+12,1108.01,554,INR
9.781E+12,18854.09,18854.09,INR
9.78112E+12,,,
3030884422,,,
9.78144E+12,,,
9.781E+12,,,
3030433838,,,
9.78008E+12,5246.28,5246.28,INR
9.781E+12,0,0,INR
1516963148,,,
9.78149E+12,,,
3319553356,,,
9.78303E+12,4625.6,4625.6,INR
9.78332E+12,5038.6,5038.6,INR
1516576748,,,
9.78026E+12,,,
471560405,,,
3030550192,,,
9.78112E+12,21852.42,21852.42,INR
9.78144E+12,,,
9.7815E+12,,,
9.78147E+12,914.85,457.42,INR
9.78031E+12,4594.59,4594.59,INR
9.78303E+12,9239.4,9239.4,INR
UOM:39015055084167,,,
9.78112E+12,,,
136570550,,,
3030600629,,,
9.78303E+12,12626,12626,INR
9.78144E+12,6338.55,6338.55,INR
9.78112E+12,,,
9.78135E+12,11208.82,11208.82,INR
9.78178E+12,1108.01,554,INR
9.78311E+12,9287.78,9287.78,INR
9.78303E+12,13452,13452,INR
9.78153E+12,3861.91,3861.91,INR
OSU:32435009222415,,,
9.781E+12,5940.12,5940.12,INR
9.78332E+12,25252,25252,INR
1584883448,,,
9.78981E+12,,,
9.7811E+12,4425,4425,INR
9.78179E+12,1108.01,554,INR
9.78112E+12,11163.98,11163.98,INR
9.78179E+12,997.09,498.54,INR
154991748X,,,
9.78303E+12,4625.6,4625.6,INR
9.78981E+12,13452,13452,INR
9.78332E+12,11764.6,11764.6,INR
9.78981E+12,7729,7729,INR
8132236416,,,
9.78151E+12,,,
9.78135E+12,5043.32,5043.32,INR
1107036070,,,
9.78031E+12,,,
9.78112E+12,,,
9.78148E+12,5246.28,5246.28,INR
9.78813E+12,12626,12626,INR
9.78149E+12,,,
9.78303E+12,4625.6,4625.6,INR
9.78981E+12,11764.6,11764.6,INR
1461476178,,,
9.78112E+12,11844.84,11844.84,INR
9.78303E+12,7563.8,7563.8,INR
9.78112E+12,,,
9.78112E+12,8255.28,8255.28,INR
9.78332E+12,10926.8,10926.8,INR
9.78112E+12,,,
3642423442,,,
9.78008E+12,11863.72,11863.72,INR
9.78112E+12,,,
9.78039E+12,16874,16874,INR
9.78153E+12,330.4,231.28,INR
470889454,,,
9.78112E+12,,,
9.7811E+12,3764.2,3764.2,INR
UOM:39015019836314,,,
150636277X,,,
9.78112E+12,,,
UOM:39015015160628,,,
9.7818E+12,17408.33,17408.33,INR
1491934115,,,
9.78043E+12,,,
9.78145E+12,,,
9.78013E+12,10785.2,10785.2,INR
9.78112E+12,,,
9.78013E+12,,,
9.78152E+12,19958.26,19958.26,INR
9.78332E+12,15222,15222,INR
9.78047E+12,,,
9.78148E+12,4819.12,4819.12,INR
9.78031E+12,4887.91,4887.91,INR
9.78303E+12,15222,15222,INR
1107670349,,,
1584889594,3138.8,3138.8,INR
9.78141E+12,,,
9.78353E+12,17967.86,17967.86,INR
9.78154E+12,7372.05,7372.05,INR
387779078,7139,7139,INR
9.78047E+12,12334.54,12334.54,INR
9.78354E+12,10997.6,10997.6,INR
9.78149E+12,3174.2,3174.2,INR
9.78311E+12,8212.25,8212.25,INR
9.78112E+12,,,
9.78112E+12,11169.88,11169.88,INR
538481641,,,
1788398068,,,
9.78167E+12,20931.84,20931.84,INR
124058884,,,
9.78148E+12,,,
9.78019E+12,1737.67,1737.67,INR
9.781E+12,,,
9.7818E+12,24339.34,24339.34,INR
UOM:39015040331483,,,
9.78167E+12,20931.84,20931.84,INR
9.781E+12,,,
471083593,,,
9.7818E+12,3163.57,3163.57,INR
MINN:31951D02030362N,,,
UOM:39015021518686,,,
UCAL:B4420468,,,
9.78014E+12,,,
007240437X,,,
UCAL:B4406700,,,
STANFORD:36105037836991,,,
UCAL:B4406699,,,
STANFORD:36105038669144,,,
UCAL:B4170005,,,
UVA:X002327605,,,
9.78126E+12,9288.61,9288.61,INR
UCSC:32106014183906,,,
UOM:39015063089836,,,
9.78126E+12,24345.93,24345.93,INR
9.78149E+12,,,
9.78069E+12,3221.4,3221.4,INR
9.78112E+12,4074.54,4074.54,INR
9.78135E+12,,,
9.78946E+12,,,
9.78149E+12,,,
9.78145E+12,955.8,477.9,INR
9.78981E+12,7563.8,7563.8,INR
9.78112E+12,5828.02,5828.02,INR
9.78153E+12,4213.09,4213.09,INR
9.7806E+12,,,
9.78154E+12,5954.32,5954.32,INR
1526468921,,,
9.78023E+12,2048,2048,INR
9.78354E+12,37878,37878,INR
9.78149E+12,,,
9.78145E+12,,,
9.78069E+12,,,
9.78179E+12,2214.85,2214.85,INR
9.78149E+12,,,
9.78147E+12,,,
9.78112E+12,4074.54,1950,INR
9.78112E+12,1060.82,530.41,INR
9.78154E+12,10207.52,10207.52,INR
9.78168E+12,,,
9.78112E+12,3884.56,3884.56,INR
1492086002,,,
9.78303E+12,12626,12626,INR
9.78112E+12,1060.82,530.41,INR
9.78179E+12,997.09,498.54,INR
9.78144E+12,,,
1544350880,,,
9.78006E+12,1537.05,1537.05,INR
9.78135E+12,4146.52,4146.52,INR
9.78953E+12,2810.2,2810.2,INR
9.78036E+12,,,
9.78112E+12,4856.88,4856.88,INR
9.78148E+12,,,
1483365158,,,
9.78143E+12,,,
1491921285,,,
1138426350,,,
1484223993,,,
9.78047E+12,,,
9.78112E+12,3884.56,3884.56,INR
1085827836,,,
9.78112E+12,,,
1484241088,,,
9.78303E+12,9239.4,9239.4,INR
9.78981E+12,3717.57,3717.57,INR
9.78008E+12,6755.5,6755.5,INR
1733042687,,,
9.78185E+12,665.51,332.76,INR
1482257378,,,
9.78198E+12,3089.9,3089.9,INR
1402072597,,,
9.78112E+12,4856.88,4856.88,INR
9.78112E+12,,,
9.78148E+12,6726,6726,INR
9.78135E+12,2215,2215,INR
9.78179E+12,1993.01,1993.01,INR
1138910902,,,
9.78179E+12,1108.01,554,INR
9.78148E+12,,,
9.78112E+12,942.82,471.41,INR
8131708764,,,
9.78144E+12,8401.6,8401.6,INR
9.78354E+12,10089,10089,INR
1484226704,,,
9.78112E+12,3881.02,3881.02,INR
1119696720,,,
9.781E+12,,,
1032343281,,,
9.78152E+12,55006.92,55006.92,INR
9.78149E+12,,,
1484205693,,,
9.78939E+12,972.29,486.14,INR
9.78147E+12,,,
9.78155E+12,,,
9.78184E+12,,,
9.78112E+12,,,
9.78112E+12,,,
134308913,,,
9.78067E+12,,,
9.78013E+12,,,
9.78145E+12,3540,3540,INR
9.78043E+12,,,
9.78163E+12,,,
9.78144E+12,,,
9.78185E+12,1108.01,554,INR
9.78132E+12,1657.2,1657.2,INR
9.78178E+12,997.09,498.54,INR
9.78112E+12,,,
1484264541,,,
1480112429,,,
9.78332E+12,33512,33512,INR
9.7818E+12,3163.57,3163.57,INR
9.78112E+12,4370.72,4370.72,INR
9.78039E+12,7139,7139,INR
9.78148E+12,,,
9.79836E+12,,,
9.78184E+12,724.51,362.26,INR
3319574868,,,
9.78013E+12,,,
9.78354E+12,6726,6726,INR
9.78145E+12,5038.6,5038.6,INR
9.78013E+12,2160.03,2160.03,INR
9.78303E+12,13452,13452,INR
9.78179E+12,886.17,443.08,INR
9.78112E+12,,,
9.78178E+12,775.25,387.62,INR
9.79837E+12,,,
9.78146E+12,7139,7139,INR
80558410,3447.96,3447.96,INR
1848002181,,,
1546687548,,,
9.78961E+12,,,
3030549151,,,
1782163360,,,
981151285X,,,
1787285138,,,
3319962523,,,
1600330193,,,
3662519690,,,
9.78332E+12,9239.4,9239.4,INR
9.79835E+12,,,
3642065392,,,
1484271602,,,
9.78303E+12,3363,3363,INR
9.78047E+12,,,
9.78112E+12,,,
3540250549,,,
UOM:39015037451302,,,
1801131848,,,
9.78013E+12,3591.92,3591.92,INR
364277167X,,,
036735795X,,,
9.78013E+12,,,
1616892196,,,
80543626,7043.42,7043.42,INR
1484200535,,,
9.78112E+12,,,
9.78044E+12,8988.06,8988.06,INR
9.78332E+12,13452,13452,INR
9.78332E+12,12626,12626,INR
367898756,,,
9.78112E+12,,,
9.78163E+12,5597.92,5597.92,INR
1849947198,,,
9.78112E+12,,,
80531474,17976.12,17976.12,INR
9.78162E+12,,,
1447128036,,,
3030835022,,,
387779078,7139,7139,INR
3319073400,,,
470526823,,,
9.78143E+12,928.03,464.02,INR
3540585192,,,
9.78043E+12,3249.72,3249.72,INR
9.78112E+12,8542.02,8542.02,INR
1558605339,,,
9.78163E+12,4007.27,4007.27,INR
9.78112E+12,,,
353017701,,,
9.78147E+12,233657.7,233657.7,INR
9.78178E+12,837.8,418.9,INR
9.78039E+12,5038.6,5038.6,INR
9.78179E+12,886.17,443.08,INR
1447175263,,,
9.7818E+12,5273.41,5273.41,INR
1549617214,,,
9.78132E+12,5267.52,5267.52,INR
9.78303E+12,5038.6,5038.6,INR
9.78047E+12,,,
9.7818E+12,26286.49,26286.49,INR
9.7987E+12,,,
9.78112E+12,,,
9.78303E+12,12626,12626,INR
9.78159E+12,48191.9,48191.9,INR
9.7814E+12,,,
9.78007E+12,4399.87,4399.87,INR
9.78012E+12,,,
3319364545,,,
9.78147E+12,19471.48,19471.48,INR
9.78013E+12,,,
9.78145E+12,7988.6,7988.6,INR
9400772920,,,
1420075748,4819.12,4819.12,INR
9.7818E+12,1108.01,554,INR
9.78148E+12,,,
9.78047E+12,,,
9.78332E+12,0,0,INR
3662506041,,,
1558605290,,,
354025076X,,,
9.78161E+12,,,
1119962935,,,
9.78354E+12,18526,18526,INR
9.78185E+12,5038.6,5038.6,INR
9.78112E+12,,,
9.78144E+12,,,
9.78023E+12,,,
3540838511,,,
9.78354E+12,4200.8,4200.8,INR
9.78142E+12,,,
9.78114E+12,3922.32,3922.32,INR
9.78161E+12,3912.47,3912.47,INR
9.78366E+12,4708.2,4708.2,INR
9.78052E+12,,,
9.78146E+12,15222,15222,INR
9.7816E+12,189846.88,189846.88,INR
9.78354E+12,,,
9.78981E+12,12626,12626,INR
9.78161E+12,,,
9.78147E+12,8609.28,8609.28,INR
9.78112E+12,,,
9.78145E+12,955.8,477.9,INR
9.78146E+12,10089,10089,INR
9.78162E+12,1893.9,1893.9,INR
1616895284,,,
9.78371E+12,9239.4,9239.4,INR
9.78135E+12,24308,24308,INR
9.78149E+12,3764.2,3764.2,INR
9.78303E+12,5463.4,5463.4,INR
9.78112E+12,,,
9.78364E+12,23600,23600,INR
9.78146E+12,15812,15812,INR
9.78159E+12,,,
9.78168E+12,,,
9.78159E+12,,,
9.78013E+12,,,
9.78303E+12,2360,2360,INR
9.7814E+12,18526,18526,INR
9.78354E+12,5888.2,5888.2,INR
9.78112E+12,2909.88,2909.88,INR
9.78031E+12,,,
9.78332E+12,5888.2,5888.2,INR
134508610,,,
3031014758,,,
9.78161E+12,,,
9.78149E+12,,,
9.78163E+12,,,
9.78162E+12,,,
9.78086E+12,15222,15222,INR
9.78163E+12,,,
9.78039E+12,5463.4,5463.4,INR
9.78039E+12,10089,10089,INR
9.78026E+12,1946.76,1946.76,INR
9.78161E+12,,,
786881062,,,
9.78178E+12,1108.01,554,INR
9.7818E+12,997.09,498.54,INR
9.78158E+12,,,
9.78043E+12,,,
9.78148E+12,8401.6,8401.6,INR
9.78199E+12,3502.58,3502.58,INR
9.78164E+12,3095.14,3095.14,INR
9.78161E+12,,,
1139477315,,,
9.78332E+12,3787.8,3787.8,INR
026208290X,,,
UOM:39015047108686,,,
9.78354E+12,10089,10089,INR
9.78163E+12,,,
UOM:39015060786061,,,
9.78163E+12,,,
UCSC:32106019858130,,,
9.78163E+12,,,
9.78144E+12,401.2,216.65,INR
9.78145E+12,2360,2360,INR
9.78039E+12,1270.24,635.12,INR
9.78149E+12,,,
9.7814E+12,3068,3068,INR
9.78151E+12,560.78,280.39,INR
9.78146E+12,7988.6,7988.6,INR
STANFORD:36105025032272,,,
1852337893,,,
9.78145E+12,,,
9.7802E+12,,,
9.78149E+12,,,
471666564,,,
141379510,,,
837957680,,,
9.78146E+12,10207,10207,INR
716783169,,,
UCAL:B4513893,,,
9.78113E+12,,,
1641880104,,,
265790972,,,
9.78114E+12,,,
CORNELL:31924064394103,,,
9.78172E+12,8017.53,8017.53,INR
9.78146E+12,,,
9.78112E+12,,,
619267976,,,
1337101931,,,
9.78076E+12,,,
1032094435,,,
9.78132E+12,7285.32,7285.32,INR
1305080351,,,
1285428943,,,
71825320,,,
1305107160,,,
132374560,,,
393265900,,,
133756009X,,,
9.78112E+12,21925.58,21925.58,INR
323092306,,,
495599247,,,
9.78047E+12,,,
128407448X,,,
841227748,,,
9.78132E+12,,,
